지점,시작일,종료일,지점명,관리관서,위도,경도,노장해발고도(m),기압계(관측장비지상높이(m)),기온계(관측장비지상높이(m)),풍속계(관측장비지상높이(m)),강우계(관측장비지상높이(m))
96,2009.10.27,~,독도,울릉도기상대(115),37.2395,131.8698,96.15,,,,
116,2010.08.06,~,관악(레),,37.4453,126.964,622.38,,,,
116,1993.11.10,2010.08.06,관악(레),,37.4433,126.967,634,,,,
144,1993.03.16,2011.12.09,군산(레),군산기상대(140),36.0123,126.7834,198.61,,,,
160,1993.03.04,~,부산(레),부산지방기상청(159),35.1188,129.000,518.46,,,,
229,2017.09.08,~,북격렬비도 *,대전지방기상청(133),36.6254,125.5595,103.56,,,,
229,2005.03.16,2017.09.08,격렬 *,대전지방기상청(133),36.6254,125.5595,103.56,,,,
300,2015.07.13,~,말도,전주기상대(146),35.8584,126.3153,48.45,,,,
300,2007.10.10,2015.07.13,말도,군산기상대(140),35.8584,126.3153,48.45,,,,
300,2001.02.20,2007.10.10,말도,군산기상대(140),35.850,126.3167,49,,,,
301,2011.11.23,~,임자도,목포기상대(165),35.0859,126.118,6,,,,
301,2003.08.05,2011.11.23,임자도,목포기상대(165),35.0841,126.1112,15.35,,,,
301,2001.01.05,2003.08.05,안마도,광주지방기상청(156),35.3333,126.0167,5,,,,
302,2011.12.09,~,장산도,목포기상대(165),34.6647,126.1592,19,,,,
302,2001.01.05,2011.12.09,장산도,목포기상대(165),34.6432,126.1491,18.91,,,,
303,2017.08.25,~,가거도,흑산도기상대(169),34.0728,125.0975,107.9,,,,
303,2017.02.27,2017.08.25,가거도,흑산도기상대(169),34.0728,125.0975,107.9,,,,
303,2010.11.23,2017.02.27,가거도,흑산도기상대(169),34.0522,125.1264,22,,,,
303,2001.03.12,2010.11.23,가거도,흑산도기상대(169),34.0667,125.1167,60,,,,
304,2015.07.13,~,신지도,목포기상대(165),34.318,126.8485,21,,,,
304,2011.11.17,2015.07.13,신지도,완도기상대(170),34.318,126.8485,21,,,,
304,2006.04.20,2011.11.17,신지도,완도기상대(170),34.3347,126.8273,21.41,,,,
304,2002.09.11,2006.04.20,소안도,완도기상대(170),34.1678,126.655,25,,,,
304,2001.02.20,2002.09.11,당사도,완도기상대(170),34.0833,126.600,100,,,,
305,2015.07.13,~,여서도,목포기상대(165),33.9862,126.9201,35.38,,,,
305,2007.10.19,2015.07.13,여서도,완도기상대(170),33.9862,126.9201,35.38,,,,
305,2001.02.20,2007.10.19,여서도,완도기상대(170),33.900,126.9167,32,,,,
306,2014.10.24,~,소리도,여수기상대(168),34.4319,127.8011,3.04,,,,
306,2001.01.05,2014.10.24,소리도,여수기상대(168),34.9525,127.8008,5,,,,
307,2001.01.05,2014.12.10,평도,여수기상대(168),34.2437,127.4496,38.49,,,,
310,2015.07.13,~,궁촌,강릉(구 105),37.3246,129.265,14,,,,
310,2011.12.29,2015.07.13,궁촌,동해기상대(106),37.3246,129.265,14,,,,
310,2005.06.29,2011.12.29,묵호,동해기상대(106),37.5546,129.1185,70.66,,,,
311,2015.07.13,~,가야산,울산기상대(152),35.7892,128.0867,595.71,,,,
311,2001.09.25,2015.07.13,가야산,거창기상대(284),35.7892,128.0867,595.71,,,,
312,2011.12.01,~,주왕산,안동기상대(136),36.393,129.1414,264,,,,
312,2001.10.11,2011.12.01,주왕산,안동기상대(136),36.3908,129.1418,260.96,,,,
313,2015.07.13,~,양지암,부산지방기상청(159),34.8934,128.7514,54.65,,,,
313,2001.10.11,2015.07.13,양지암,통영기상대(162),34.8934,128.7514,54.65,,,,
314,2015.07.13,~,덕유봉,전주기상대(146),35.8662,127.7431,1518.32,,,,
314,2007.07.26,2015.07.13,덕유봉,추풍령지역기상서비스센터(135),35.8662,127.7431,1518.32,,,,
314,2003.07.01,2007.07.26,덕유봉,추풍령지역기상서비스센터(135),35.8667,127.750,1515,,,,
314,2001.09.28,2003.07.01,덕유봉,전주기상대(146),35.8667,127.750,1515,,,,
315,2015.07.13,~,성삼재,광주지방기상청(156),35.3067,127.5108,1088.86,,,,
315,2002.06.27,2015.07.13,성삼재,남원기상대(247),35.3067,127.5108,1088.86,,,,
315,2001.10.25,2002.06.27,지리산,전주기상대(146),35.3667,127.5333,1172,,,,
316,2012.12.01,~,무등산,광주지방기상청(156),35.1144,126.9974,911.82,,,,
316,2001.10.15,2012.12.01,무등봉,광주지방기상청(156),35.1144,126.9974,911.82,,,,
317,2011.09.28,~,모악산,전주기상대(146),35.7295,127.1142,101.3,,,,
317,2001.09.29,2011.09.28,모악산,전주기상대(146),35.7189,127.0454,96.89,,,,
318,2015.07.13,~,용평,강릉(구 105),37.6434,128.6704,770,,,,
318,2011.10.18,2015.07.13,용평,대관령기상대(100),37.6434,128.6704,770,,,,
318,2001.10.25,2011.10.18,용평,대관령기상대(100),37.6437,128.6794,761.92,,,,
319,2014.11.23,~,천부,울릉도기상대(115),37.5373,130.8708,63,,,,
319,2001.10.25,2014.11.23,천부,울릉도기상대(115),37.5408,130.8746,63,,,,
320,2015.07.13,~,향로봉,강릉(구 105),38.331,128.3137,1262.62,,,,
320,2008.11.14,2015.07.13,향로봉,속초기상대(90),38.331,128.3137,1262.62,,,,
320,2001.10.25,2008.11.13,향로봉,속초기상대(90),38.325,128.3208,1267,,,,
321,2001.10.25,~,원통,강릉(구 105),38.1147,128.1963,253.72,,,,
322,2015.07.13,~,상서,춘천기상대(101),38.2155,127.6698,263.76,,,,
322,2001.10.25,2015.07.13,상서,철원기상대(95),38.2155,127.6698,263.76,,,,
323,2015.07.13,~,마현,춘천기상대(101),38.2747,127.553,291.41,,,,
323,2009.11.11,2015.07.13,마현,철원기상대(95),38.2747,127.553,291.41,,,,
323,2001.10.25,2009.11.10,마현,철원기상대(95),38.2728,127.5542,269,,,,
324,2015.07.13,~,송계,청주기상대(131),36.9101,128.0745,141,,,,
324,2011.06.02,2015.07.13,송계,충주지역기상서비스센터(127),36.9101,128.0745,141,,,,
324,2007.11.27,2011.06.02,송계,충주지역기상서비스센터(127),36.8831,128.0802,179.88,,,,
324,2001.10.25,2007.11.27,월악산,충주지역기상서비스센터(127),36.8667,128.0667,180,,,,
325,2015.07.13,~,백운,청주기상대(131),37.1445,128.0253,230,,,,
325,2011.09.20,2015.07.13,백운,충주지역기상서비스센터(127),37.1445,128.0253,230,,,,
325,2001.10.25,2011.09.20,백운,충주지역기상서비스센터(127),37.1376,128.0254,233.72,,,,
326,2015.07.13,~,용문산,,37.5455,127.6112,190.2,,,,
326,2012.05.24,2015.07.13,용문산,이천지역기상서비스센터(203),37.5455,127.6112,190.2,,,,
326,2001.10.25,2012.05.24,용문산,이천지역기상서비스센터(203),37.5453,127.583,197.28,,,,
327,2001.10.25,~,우암산,청주기상대(131),36.6503,127.512,127.48,,,,
328,2015.07.13,~,중문,제주지방기상청(184),33.2495,126.4061,63.04,,,,
328,2001.10.23,2015.07.13,중문,서귀포지역기상서비스센터(189),33.2495,126.4061,60.88,,,,
329,2008.11.26,~,아라,제주지방기상청(184),33.4471,126.5652,374.66,,,,
329,2001.10.23,2008.11.26,오등,제주지방기상청(184),33.4238,126.5439,513,,,,
330,2017.07.25,~,대흘,제주지방기상청(184),33.5008,126.6495,144,,,,
330,2015.07.13,2017.07.25,회수,제주지방기상청(184),33.2727,126.4501,221,,,,
330,2012.07.10,2015.07.13,회수,서귀포지역기상서비스센터(189),33.2727,126.4501,226,,,,
330,2001.10.23,2012.07.10,하원,서귀포지역기상서비스센터(189),33.2886,126.4616,407.21,,,,
400,2010.08.16,~,강남,,37.5134,127.047,59.58,,,,
400,1994.12.04,2010.08.15,강남,서울기상관측소(108),37.5094,127.0485,59,,,,
401,2016.09.12,~,서초,,37.4844,127.0258,42,,,,
401,2010.08.16,2016.09.12,서초 *,,37.4889,127.0156,35.53,,,,
401,1994.12.04,2010.08.15,서초,서울기상관측소(108),37.480,127.020,36,,,,
402,2010.08.16,~,강동,,37.5555,127.145,56.9,,,,
402,1994.12.04,2010.08.15,강동,서울기상관측소(108),37.5519,127.1484,55,,,,
403,2010.08.16,~,송파 *,,37.5115,127.0967,53.62,,,,
403,1994.12.05,2010.08.15,송파,서울기상관측소(108),37.5082,127.1004,53,,,,
404,2010.08.16,~,강서 *,,37.5499,126.8425,79.1,,,,
404,1994.12.05,2010.08.15,강서,서울기상관측소(108),37.550,126.850,79,,,,
405,2010.08.16,~,양천 *,,37.5296,126.8782,9.73,,,,
405,1994.12.05,2010.08.15,양천,서울기상관측소(108),37.524,126.8793,11,,,,
406,2010.08.16,~,도봉,,37.6661,127.0295,55.5,,,,
406,1994.12.06,2010.08.15,도봉,서울기상관측소(108),37.6633,127.0352,56,,,,
407,2010.08.16,~,노원,,37.621,127.0968,52.05,,,,
407,1994.12.06,2010.08.15,노원,서울기상관측소(108),37.6194,127.0894,53,,,,
408,2010.08.16,~,동대문,,37.5846,127.0604,49.38,,,,
408,1994.12.07,2010.08.15,동대문,서울기상관측소(108),37.5772,127.0501,35,,,,
409,2010.08.16,~,중랑,,37.5855,127.0868,40.21,,,,
409,1994.12.07,2010.08.15,중랑,서울기상관측소(108),37.5835,127.0889,40,,,,
410,2010.08.16,~,기상청,,37.4937,126.9181,33.8,,,,
410,1999.12.15,2010.08.15,기상청,서울기상관측소(108),37.4935,126.9228,33.5,,,,
410,1994.12.07,1999.12.15,동작,서울기상관측소(108),37.4935,126.9228,48,,,,
411,2010.08.16,~,마포,,37.5517,126.9028,25.49,,,,
411,1994.12.08,2010.08.15,마포,서울기상관측소(108),37.5431,126.9342,24,,,,
412,2010.08.16,~,서대문,,37.5705,126.9408,100.63,,,,
412,1994.12.08,2010.08.15,서대문,서울기상관측소(108),37.5676,126.9466,101,,,,
413,2011.08.24,~,광진,,37.531,127.0875,38,,,,
413,2010.08.16,2011.08.24,광진,인천기상대(112),37.5416,127.0805,52.54,,,,
413,1994.12.08,2010.08.15,광진,서울기상관측소(108),37.5379,127.0791,52,,,,
414,2010.08.16,~,성북,,37.6117,126.9994,125.93,,,,
414,1994.12.09,2010.08.15,성북,서울기상관측소(108),37.6105,126.9993,127,,,,
415,2010.08.16,~,용산 *,,37.5204,126.9761,32.62,,,,
415,1994.12.09,2010.08.15,용산,서울기상관측소(108),37.5168,126.9775,29,,,,
416,2017.08.25,~,은평,,37.6464,126.9434,81.4,,,,
416,2015.11.11,2017.08.25,은평,,37.6465,126.9433,65.4,,,,
416,2011.08.25,2015.11.11,은평,,37.6444,126.9453,70,,,,
416,2010.08.16,2011.08.25,은평,인천기상대(112),37.6106,126.9339,67.58,,,,
416,1994.12.19,2010.08.15,은평,서울기상관측소(108),37.6084,126.9357,67,,,,
417,2010.08.16,~,금천,,37.4655,126.9002,41.48,,,,
417,1998.01.03,2010.08.15,금천,서울기상관측소(108),37.4575,126.9162,43,,,,
417,1998.01.03,1998.01.03,구로,서울기상관측소(108),37.480,126.880,22,,,,
418,2010.08.16,~,한강,,37.5249,126.9391,10.66,,,,
418,1994.12.10,2010.08.15,한강,서울기상관측소(108),37.5213,126.9394,11,,,,
419,2010.08.16,~,중구,,37.5524,126.9874,266.44,,,,
419,1994.12.10,2010.08.15,중구,서울기상관측소(108),37.5535,126.9864,267,,,,
420,2010.08.16,2010.10.18,북한산,인천기상대(112),37.616,126.957,455,,,,
420,1994.01.20,2010.08.15,북한산,서울기상관측소(108),37.6155,126.9565,455,,,,
421,2010.08.16,~,성동,,37.5472,127.0388,33.71,,,,
421,2000.08.22,2010.08.15,성동,서울기상관측소(108),37.545,127.0406,25,,,,
422,2010.11.03,~,북악산,,37.603,126.984,332.6,,,,
423,2010.08.16,~,구로,,37.4942,126.8265,53.47,,,,
423,2001.12.28,2010.08.15,구로,서울기상관측소(108),37.4833,126.8333,62,,,,
424,2010.08.16,~,강북,,37.6397,127.0257,55.68,,,,
424,2001.12.28,2010.08.15,강북,서울기상관측소(108),37.6333,127.0017,56,,,,
425,2010.11.03,~,남현,,37.463,126.986,87.08,,,,
495,2010.05.13,~,하개정,,36.9613,127.1887,25.03,,,,
495,2005.11.15,2010.05.12,하개정,수도권기상청(119),36.9617,127.1834,24,,,,
496,2012.09.01,~,세종금남,대전지방기상청(133),36.4585,127.2688,30.3,,,,
496,2012.07.02,2012.09.01,금남,대전지방기상청(133),36.4585,127.2688,30.3,,,,
496,2011.12.29,2012.07.02,금남,대전지방기상청(133),36.4585,127.2688,30.3,,,,
496,2005.10.11,2011.12.29,금남,대전지방기상청(133),36.4638,127.2804,43.4,,,,
497,2002.12.20,~,삽당령,강릉(구 105),37.5752,128.8515,658.15,,,,
498,2002.12.21,~,구룡령,강릉(구 105),37.8793,128.5145,1015.08,,,,
499,2015.07.13,~,중면,,38.1359,127.0191,54.66,,,,
499,2010.10.05,2015.07.13,중면,동두천지역기상서비스센터(98),38.1359,127.0191,54.66,,,,
499,2001.01.05,2010.10.05,중면,파주기상대(99),38.1331,127.0213,53.83,,,,
500,2010.12.03,~,양도,인천기상대(112),37.6317,126.4201,29,,,,
500,1994.12.15,2010.12.03,화도,인천기상대(112),37.6287,126.4116,20,,,,
501,2017.04.19,~,대연평,인천기상대(112),37.6589,125.6981,9,,,,
501,1991.03.08,2016.10.05,대연평,인천기상대(112),37.6644,125.7023,13,,,,
502,2016.11.30,~,교동,인천기상대(112),37.7895,126.2916,9,,,,
502,1991.03.22,2016.11.30,교동,인천기상대(112),37.7844,126.2829,41.91,,,,
503,2015.07.13,~,도라산,,37.912,126.7116,17.3,,,,
503,2010.12.14,2015.07.13,도라산,파주기상대(99),37.912,126.7116,17.3,,,,
503,2002.01.05,2010.12.14,도라산,파주기상대(99),37.8833,126.6833,167,,,,
503,2001.09.07,2002.01.05,도라산,동두천지역기상서비스센터(98),37.8833,126.6833,10,,,,
503,1998.04.14,2001.09.07,임진각,동두천지역기상서비스센터(98),37.8856,126.7394,10,,,,
503,1991.11.24,1998.04.14,임진각,서울기상관측소(108),37.8856,126.7394,10,,,,
504,2015.07.13,~,포천,,37.8704,127.1808,103,,,,
504,2013.11.21,2015.07.13,포천,동두천지역기상서비스센터(98),37.8704,127.1808,103,,,,
504,2010.10.21,2013.11.21,포천,동두천지역기상서비스센터(98),37.8657,127.1764,102.05,,,,
504,1998.03.24,2010.10.21,포천,동두천지역기상서비스센터(98),37.8915,127.202,100,,,,
504,1992.12.13,1998.03.24,포천,철원기상대(95),37.8946,127.1996,105,,,,
505,2017.01.01,~,가평조종,,37.8244,127.3454,168.53,,,,
505,2007.08.22,2017.01.01,하면,,37.8244,127.3454,168.53,,,,
505,1990.04.10,2007.08.22,현리,춘천기상대(101),37.820,127.350,152,,,,
506,2017.08.25,~,금촌,,37.7482,126.7769,35.8,,,,
506,2015.07.13,2017.08.25,금촌,,37.7483,126.777,19,,,,
506,2014.11.27,2015.07.13,금촌,파주기상대(99),37.7483,126.777,19,,,,
506,2010.12.06,2014.11.27,금촌,파주기상대(99),37.7657,126.7841,56,,,,
506,2002.01.04,2010.12.06,금촌,파주기상대(99),37.7584,126.779,34,,,,
506,1998.05.26,2002.01.04,금촌,동두천지역기상서비스센터(98),37.7584,126.779,34,,,,
506,1994.12.15,1998.05.26,금촌,서울기상관측소(108),37.7584,126.779,34,,,,
507,2015.07.13,~,창수,,38.025,127.1433,80,,,,
507,2011.06.29,2015.07.13,창수,동두천지역기상서비스센터(98),38.025,127.1433,80,,,,
507,1998.03.24,2011.06.28,창수,동두천지역기상서비스센터(98),37.9917,127.1891,84.44,,,,
507,1992.12.13,1998.03.24,창수,철원기상대(95),37.9788,127.2009,84,,,,
508,2011.08.31,~,왕산,인천기상대(112),37.467,126.361,124,,,,
508,2003.01.07,2011.08.30,왕산,인천기상대(112),37.465,126.3634,132.11,,,,
508,1990.03.16,2000.01.14,종로,서울기상관측소(108),37.570,126.970,87,,,,
509,2010.08.16,~,관악,,37.4528,126.9501,145.13,,,,
509,2004.09.04,2010.08.15,관악,서울기상관측소(108),37.450,126.9523,144.37,,,,
509,1992.09.14,2004.09.04,관악,서울기상관측소(108),37.4562,126.9507,92.36,,,,
510,2010.08.16,~,영등포 *,,37.5271,126.9071,24.41,,,,
510,1989.06.27,2010.08.15,영등포,서울기상관측소(108),37.5262,126.908,25,,,,
511,2010.09.01,~,공촌동,인천기상대(112),37.555,126.6905,45.17,,,,
511,2000.03.31,2010.08.31,부평,인천기상대(112),37.550,126.6833,49,,,,
511,1994.12.19,2000.03.31,부평,인천기상대(112),37.480,126.710,18,,,,
512,2017.08.22,~,인천연수,인천기상대(112),37.3968,126.6621,9.06,,,,
512,2000.03.29,2017.08.22,남동공단,인천기상대(112),37.3968,126.6621,9.06,,,,
512,1994.12.22,2000.03.29,남동공단,인천기상대(112),37.410,126.710,22,,,,
513,2014.11.17,~,덕적도,인천기상대(112),37.2276,126.1447,23,,,,
513,1997.07.25,2014.11.17,덕적도,인천기상대(112),37.2331,126.1468,17.6,,,,
513,1991.03.14,1997.07.25,덕적도,인천기상대(112),37.2207,126.1445,26,,,,
514,2017.08.25,~,대부도,인천기상대(112),37.2377,125.5787,10,,,,
514,2017.06.14,2017.08.25,대부도,인천기상대(112),37.2377,126.5787,10,,,,
514,1992.11.15,2017.06.14,대부도,인천기상대(112),37.2455,126.5806,32.79,,,,
515,2012.11.30,~,운평,,37.0845,126.7737,8,,,,
515,2005.11.15,2012.11.30,우정,수도권기상청(119),37.0819,126.8007,19,,,,
515,1999.05.06,2005.11.15,우정,수도권기상청(119),37.0952,126.8128,30,,,,
515,1990.03.08,1999.05.06,우정,수도권기상청(119),37.0836,126.8283,18,,,,
516,2017.08.25,~,안성,,37.0037,127.2502,48.2,,,,
516,2013.12.12,2017.08.25,안성,,37.0038,127.250,26,,,,
516,1990.06.16,2013.12.12,안성,수도권기상청(119),37.013,127.2651,45.16,,,,
517,2015.07.13,~,간성,강릉(구 105),38.3854,128.4745,4.51,,,,
517,2005.12.23,2015.07.13,간성,속초기상대(90),38.3854,128.4745,5.31,,,,
517,1991.11.01,2005.12.21,간성,속초기상대(90),38.380,128.430,30,,,,
518,2016.09.22,~,해안,춘천기상대(101),38.2696,128.1211,467,,,,
518,1990.05.23,2016.09.22,해안,춘천기상대(101),38.2847,128.1397,448,,,,
519,2015.07.13,~,사내,춘천기상대(101),38.0755,127.5194,297.73,,,,
519,2011.11.09,2015.07.13,사내,철원기상대(95),38.0753,127.5297,302,,,,
519,1999.05.14,2011.11.09,사내,철원기상대(95),38.0702,127.5235,283.06,,,,
519,1998.12.22,1999.05.14,사창,철원기상대(95),38.0667,127.5167,390,,,,
519,1998.05.14,1998.12.22,사창,철원기상대(95),38.0667,127.5167,390,,,,
519,1990.05.23,1998.05.14,사창,춘천기상대(101),38.0667,127.5167,390,,,,
520,2015.07.13,~,설악동,강릉(구 105),38.1671,128.5177,135,,,,
520,2012.12.21,2015.07.13,설악동,속초기상대(90),38.1671,128.5177,135,,,,
520,1990.05.13,2012.12.21,설악동,속초기상대(90),38.1721,128.4933,189.5,,,,
521,2015.07.13,~,강현,강릉(구 105),38.1438,128.6026,13.39,,,,
521,2002.05.17,2015.07.13,강현,속초기상대(90),38.1438,128.6026,13.39,,,,
521,1990.05.12,2002.05.17,현북,속초기상대(90),38.0147,128.7226,10,,,,
522,2012.11.13,~,화촌,춘천기상대(101),37.7871,127.9838,187,,,,
522,2007.08.21,2012.11.13,두촌,춘천기상대(101),37.8687,128.0189,220.48,,,,
522,1990.05.22,2007.08.21,두촌,춘천기상대(101),37.8675,128.0184,223,,,,
523,2010.12.10,~,주문진,강릉(구 105),37.8983,128.8211,10,,,,
523,1990.05.11,2010.12.10,주문진,강릉(구 105),37.900,128.830,34,,,,
524,2010.11.12,~,강문,강릉(구 105),37.7871,128.9231,3.33,,,,
524,1990.05.10,2010.11.12,경포대,강릉(구 105),37.8047,128.9045,9,,,,
525,2015.07.13,~,봉평,강릉(구 105),37.6123,128.3773,547.88,,,,
525,2014.05.01,2015.07.13,봉평,대관령기상대(100),37.612,128.377,547.9,,,,
525,1990.05.07,2014.05.01,봉평,대관령기상대(100),37.6161,128.3797,570.36,,,,
526,2015.07.13,~,평창,강릉(구 105),37.3779,128.3946,303.18,,,,
526,1999.05.07,2015.07.13,평창,영월기상대(121),37.3779,128.3946,303.18,,,,
526,1999.01.07,1999.05.07,평창,대관령기상대(100),37.370,128.420,310,,,,
526,1998.12.10,1999.01.07,평창,대관령기상대(100),37.375,128.400,298,,,,
526,1990.06.27,1998.12.10,평창,대관령기상대(100),37.370,128.420,310,,,,
527,2015.07.13,~,신동,강릉(구 105),37.2115,128.6423,392,,,,
527,2011.11.17,2015.07.13,신동,영월기상대(121),37.2115,128.6423,392,,,,
527,1998.04.22,2011.11.17,정선,영월기상대(121),37.4299,128.6645,388.84,,,,
527,1990.05.08,1998.04.22,정선,영월기상대(121),37.380,128.750,380,,,,
528,2015.12.23,~,백령면,백령도기상대(102),37.9788,124.7207,45,,,,
528,2011.12.13,2015.12.23,백령면,백령도기상대(102),37.9788,124.7207,45,,,,
528,2007.10.17,2011.12.12,백령면,백령도기상대(102),37.9743,124.7188,32.77,,,,
528,2000.10.05,2007.10.17,백령면,백령도기상대(102),37.9743,124.7187,32.26,,,,
528,1998.11.20,2000.07.06,백령도,인천기상대(112),37.9667,124.6667,36,,,,
528,1998.09.24,1998.11.20,백령도,인천기상대(112),37.9667,124.6667,36,,,,
529,2015.07.13,~,원덕,강릉(구 105),37.1416,129.2859,40.66,,,,
529,2011.11.11,2015.07.13,원덕,동해기상대(106),37.1413,129.2858,36,,,,
529,1990.05.09,2011.11.11,원덕,동해기상대(106),37.2325,129.3434,12.82,,,,
530,2014.12.15,~,태하,울릉도기상대(115),37.515,130.8118,178,,,,
530,2013.10.21,2014.12.15,태하,울릉도기상대(115),37.5014,130.8078,110,,,,
530,1990.05.30,2013.10.21,태하,울릉도기상대(115),37.5184,130.7977,172.79,,,,
531,2017.08.25,~,가평북면,,37.8981,127.5522,134.6,,,,
531,2017.01.01,2017.08.25,가평북면,,37.8856,127.5502,106.63,,,,
531,1991.11.15,2017.01.01,가평,,37.8856,127.5502,106.63,,,,
532,2015.07.13,~,의정부,,37.735,127.075,72,,,,
532,2010.10.29,2015.07.13,의정부,파주기상대(99),37.735,127.075,72,,,,
532,1998.04.14,2010.10.29,의정부,파주기상대(99),37.7355,127.0352,67,,,,
532,1991.11.12,1998.04.14,의정부,파주기상대(99),37.7355,127.0352,60,,,,
533,2017.08.25,~,신둔,,37.3267,127.4341,100.1,,,,
533,2015.07.13,2017.08.25,신둔,,37.3236,127.4361,103,,,,
533,2014.12.22,2015.07.13,신둔,이천지역기상서비스센터(203),37.3236,127.4361,103,,,,
533,2012.12.20,2013.05.06,하남창우,이천지역기상서비스센터(203),37.5391,127.2368,75,,,,
533,1998.05.13,2012.12.20,양수리,이천지역기상서비스센터(203),37.550,127.3333,48,,,,
533,1991.01.16,1998.05.13,양수리,수도권기상청(119),37.5422,127.3294,30,,,,
534,2017.08.25,~,장호원,,37.121,127.6106,113.2,,,,
534,2015.07.13,2017.08.25,장호원,,37.121,127.6106,87.29,,,,
534,2011.11.03,2015.07.13,장호원,이천지역기상서비스센터(203),37.121,127.6106,87.29,,,,
534,1991.11.17,2011.11.03,장호원,이천지역기상서비스센터(203),37.1147,127.6171,86.97,,,,
535,2015.07.13,~,서석,강릉(구 105),37.717,128.1826,313.14,,,,
535,2009.11.24,2015.07.13,서석,원주기상대(114),37.717,128.1827,312.87,,,,
535,1991.10.30,2009.11.23,서석,원주기상대(114),37.7116,128.1867,327,,,,
536,2015.07.13,~,횡성,강릉(구 105),37.4876,127.9724,110.52,,,,
536,2010.03.17,2015.07.13,횡성,원주기상대(114),37.4876,127.9724,110.52,,,,
536,1991.10.29,2010.03.17,횡성,원주기상대(114),37.470,127.880,128,,,,
537,2015.07.13,~,임계,강릉(구 105),37.4832,128.8459,488,,,,
537,2011.06.20,2015.07.13,임계,동해기상대(106),37.4832,128.8459,488,,,,
537,1999.05.24,2011.06.20,임계,동해기상대(106),37.4949,128.852,507.12,,,,
537,1991.10.31,1999.05.24,임계,동해기상대(106),37.4955,128.8539,480,,,,
538,2015.07.13,~,신서,,38.1725,127.103,82.18,,,,
538,1999.06.01,2015.07.13,신서,동두천지역기상서비스센터(98),38.1725,127.103,82.18,,,,
538,1998.03.24,1999.06.01,대광리,동두천지역기상서비스센터(98),38.1726,127.1088,200,,,,
538,1992.12.15,1998.03.24,대광리,철원기상대(95),38.1726,127.1088,197,,,,
539,2016.08.01,~,포천이동,,38.0241,127.3658,139.4,,,,
539,2015.07.13,2016.08.01,이동,,38.0241,127.3658,139.4,,,,
539,2015.04.29,2015.07.13,이동,동두천지역기상서비스센터(98),38.0241,127.3658,139.4,,,,
539,2010.10.19,2015.04.29,이동,동두천지역기상서비스센터(98),38.0237,127.3579,139.4,,,,
539,2001.01.05,2010.10.19,이동,동두천지역기상서비스센터(98),38.0333,127.3667,179,,,,
539,1998.11.26,2001.01.05,동두천,서울기상관측소(108),37.8991,127.0628,112.49,,,,
540,2015.07.13,~,고양,,37.6343,126.8917,100,,,,
540,2011.10.29,2015.07.13,고양,파주기상대(99),37.6343,126.8917,100,,,,
540,2010.11.03,2011.10.29,고양,파주기상대(99),37.6573,126.8719,54.5,,,,
540,2010.10.05,2010.11.03,고양,파주기상대(99),37.641,126.877,76,,,,
540,2010.08.16,2010.10.05,고양,인천기상대(112),37.6413,126.8774,76,,,,
540,1992.11.15,2010.08.15,고양,서울기상관측소(108),37.6413,126.8774,76,,,,
541,2015.07.13,~,남양주,,37.6528,127.1493,28,,,,
541,2011.11.26,2015.07.13,남양주,동두천지역기상서비스센터(98),37.6528,127.1493,28,,,,
541,2010.11.02,2011.11.24,남양주,동두천지역기상서비스센터(98),37.6539,127.1761,38.01,,,,
541,2010.10.05,2010.11.02,남양주,동두천지역기상서비스센터(98),37.650,127.180,37,,,,
541,2010.08.16,2010.10.05,남양주,인천기상대(112),37.650,127.180,37,,,,
541,1992.11.21,2010.08.15,남양주,서울기상관측소(108),37.650,127.180,37,,,,
542,1992.11.01,~,청평,,37.6841,127.3802,41.42,,,,
543,1999.10.07,~,영종도,인천기상대(112),37.499,126.5496,23.91,,,,
543,1992.11.16,1999.10.07,영종도,인천기상대(112),37.480,126.530,56,,,,
544,2011.11.11,~,전곡항,,37.2006,126.6534,8,,,,
544,1992.11.16,2011.11.11,대야,수도권기상청(119),37.4631,126.7827,69.35,,,,
545,2015.10.14,~,안산,,37.2811,126.8553,5.58,,,,
545,1992.11.14,2015.10.14,안산,,37.2804,126.8387,5.58,,,,
546,2016.08.01,~,경기광주,,37.4325,127.2614,119,,,,
546,2015.07.13,2016.08.01,광주,,37.4325,127.2614,119,,,,
546,2010.11.18,2015.07.13,광주,이천지역기상서비스센터(203),37.4325,127.2614,119,,,,
546,2001.03.21,2010.11.18,광주,이천지역기상서비스센터(203),37.400,127.2833,31,,,,
546,2000.03.06,2001.03.20,광주읍,이천지역기상서비스센터(203),37.400,127.2833,31,,,,
546,1992.11.07,2000.03.06,광주읍,수도권기상청(119),37.400,127.270,47,,,,
547,2015.07.13,~,양동,,37.4159,127.7549,109.97,,,,
547,2009.06.26,2015.07.13,양동,원주기상대(114),37.4159,127.7549,109.97,,,,
547,2000.11.21,2009.06.26,양동,원주기상대(114),37.4171,127.7583,118,,,,
547,1993.11.17,2000.11.21,양동,수도권기상청(119),37.4171,127.7583,92,,,,
548,2017.08.25,~,여주,,37.2688,127.6396,143.5,,,,
548,2015.07.13,2017.08.25,여주,,37.2688,127.6396,115.88,,,,
548,2009.09.11,2015.07.13,여주,이천지역기상서비스센터(203),37.2688,127.6396,115.88,,,,
548,1998.12.02,2009.09.11,여주,이천지역기상서비스센터(203),37.300,127.650,65,,,,
548,1992.11.04,1998.12.02,여주,수도권기상청(119),37.300,127.620,58,,,,
549,2016.04.28,~,용인,,37.2701,127.2218,83,,,,
549,2010.12.04,2016.04.28,용인,,37.2716,127.2249,84.36,,,,
549,1999.05.31,2010.12.04,용인,수도권기상청(119),37.250,127.200,93,,,,
549,1992.11.12,1999.05.31,용인,수도권기상청(119),37.2939,127.2041,76,,,,
550,2010.12.02,~,오산,,37.188,127.0487,40.2,,,,
550,2010.11.02,2010.12.02,오산,수도권기상청(119),37.183,127.050,46,,,,
550,1998.08.18,2010.11.02,오산,수도권기상청(119),37.1833,127.050,46,,,,
550,1992.11.03,1998.08.18,오산,수도권기상청(119),37.170,127.070,22,,,,
551,2010.11.01,~,평택,,36.9922,127.1124,36.49,,,,
551,1997.04.01,2010.11.01,평택,수도권기상청(119),37.000,127.070,36,,,,
551,1992.11.19,1997.04.01,평택,대전지방기상청(133),36.980,127.100,20,,,,
552,2015.07.13,~,김화,춘천기상대(101),38.2722,127.4245,238.38,,,,
552,2011.11.03,2015.07.13,김화,철원기상대(95),38.2723,127.4246,246,,,,
552,2009.10.23,2011.11.03,김화,철원기상대(95),38.2442,127.4287,216.56,,,,
552,1992.11.11,2009.10.22,김화,철원기상대(95),38.250,127.420,213,,,,
553,2015.07.13,~,대진,강릉(구 105),38.5038,128.4287,30.3,,,,
553,2001.01.05,2015.07.13,대진,속초기상대(90),38.5038,128.4287,30.3,,,,
553,1992.11.28,2001.01.05,현내,속초기상대(90),38.4984,128.4271,28,,,,
554,2015.07.13,~,미시령,강릉(구 105),38.2144,128.4371,770.48,,,,
554,1992.11.28,2015.07.13,미시령,속초기상대(90),38.2144,128.4371,770.48,,,,
555,2015.07.13,~,화천,춘천기상대(101),38.0964,127.7026,113,,,,
555,2011.06.17,2015.07.13,화천,철원기상대(95),38.0964,127.7026,113,,,,
555,2010.11.23,2011.06.17,화천,철원기상대(95),38.098,127.703,111,,,,
555,1999.05.14,2010.11.23,화천,철원기상대(95),38.120,127.730,121,,,,
555,1998.05.14,1999.05.14,화천,철원기상대(95),38.120,127.730,120,,,,
555,1992.11.06,1998.05.14,화천,춘천기상대(101),38.120,127.730,120,,,,
556,2009.09.02,~,양구,춘천기상대(101),38.098,127.9853,188.88,,,,
556,1992.11.04,2009.09.02,양구,춘천기상대(101),38.1056,127.9908,208,,,,
557,2011.11.01,~,기린,강릉(구 105),37.9526,128.3186,336.51,,,,
557,1992.11.04,2011.11.01,기린,강릉(구 105),37.9513,128.3209,323.86,,,,
558,1992.11.05,~,팔봉,춘천기상대(101),37.6861,127.7007,93.49,,,,
559,2015.07.13,~,내면,강릉(구 105),37.778,128.3973,574.54,,,,
559,2013.06.27,2015.07.13,내면,대관령기상대(100),37.778,128.3973,574.54,,,,
559,1992.11.07,2013.06.27,내면,대관령기상대(100),37.7739,128.3898,599.49,,,,
560,2015.07.13,~,진부,강릉(구 105),37.6479,128.5645,540.68,,,,
560,2011.10.31,2015.07.13,진부,대관령기상대(100),37.6479,128.5645,540.68,,,,
560,1992.11.08,2011.10.31,진부,대관령기상대(100),37.6701,128.5943,565.25,,,,
561,2015.07.13,~,청일,강릉(구 105),37.5822,128.1528,222.02,,,,
561,2009.10.16,2015.07.13,청일,원주기상대(114),37.5822,128.1528,222.02,,,,
561,1992.11.06,2009.10.16,청일,원주기상대(114),37.5816,128.1555,235,,,,
562,2016.08.01,~,영월주천,강릉(구 105),37.2754,128.2695,283,,,,
562,2015.07.13,2016.08.01,주천,강릉(구 105),37.2754,128.2695,283,,,,
562,2011.11.15,2015.07.13,주천,영월기상대(121),37.2754,128.2695,283,,,,
562,1992.11.08,2011.11.15,주천,영월기상대(121),37.2722,128.269,261.82,,,,
563,2015.12.24,~,북평,강릉(구 105),37.4634,128.6829,358,,,,
563,2015.07.13,2015.12.24,북평,강릉(구 105),37.4634,128.6829,358,,,,
563,2012.06.27,2015.07.13,북평,영월기상대(121),37.4634,128.6829,358,,,,
563,2007.08.02,2012.06.27,남면,영월기상대(121),37.2688,128.7406,435.97,,,,
563,1992.11.07,2007.08.02,문곡,영월기상대(121),37.2647,128.7466,435,,,,
565,2013.12.11,~,시흥,,37.3916,126.7784,7,,,,
565,1993.03.11,2013.12.11,시흥,수도권기상청(119),37.340,126.785,23.01,,,,
566,2016.07.11,~,연곡,강릉(구 105),37.8515,128.8192,7.9,,,,
566,2010.12.13,2016.07.11,연곡,강릉(구 105),37.8516,128.8192,7.94,,,,
566,1993.03.06,2010.12.13,연곡,강릉(구 105),37.820,128.700,226,,,,
567,2015.07.13,~,적성,,37.9533,126.9318,70.34,,,10.000,
567,2009.05.13,2015.07.13,적성,파주기상대(99),37.9533,126.9318,70.34,,,10.000,
567,2002.01.04,2009.05.12,적성,파주기상대(99),37.9483,126.913,47,,,,
567,1998.04.14,2002.01.04,적성,동두천지역기상서비스센터(98),37.9483,126.913,140,,,,
567,1993.11.16,1998.04.14,적성,서울기상관측소(108),37.9483,126.913,140,,,,
568,2015.07.30,~,일동,,37.9587,127.3135,162,,,,
568,2015.07.13,2015.07.30,일동,,37.9613,127.3172,171.74,,,,
568,2007.08.30,2015.07.13,일동,철원기상대(95),37.9613,127.3172,171.74,,,,
568,2004.10.28,2007.08.30,일동,철원기상대(95),37.9613,127.3174,174,,,,
568,1993.10.20,2004.10.28,일동,철원기상대(95),37.9522,127.3179,190,,,,
569,2015.07.13,~,구리,,37.5823,127.1569,24,,,,
569,2011.11.30,2015.07.13,구리,동두천지역기상서비스센터(98),37.5823,127.1569,24,,,,
569,2010.10.05,2011.11.24,구리,동두천지역기상서비스센터(98),37.5947,127.1296,66.06,,,,
569,2010.08.16,2010.10.05,구리,인천기상대(112),37.5994,127.1312,66,,,,
569,1993.10.20,2010.08.15,구리,서울기상관측소(108),37.5994,127.1312,66,,,,
570,2010.12.14,~,금곡,인천기상대(112),37.6232,126.6424,35,,,,
570,1999.09.05,2010.12.14,양곡,인천기상대(112),37.6215,126.6472,61,,,,
570,1993.09.11,1999.09.05,양곡,인천기상대(112),37.6549,126.6254,27,,,,
571,1997.05.19,~,화성,,37.1956,126.8201,54.63,,,,
571,1993.11.15,1997.05.19,서신,수도권기상청(119),37.170,126.720,19,,,,
572,2010.11.01,~,성남,,37.4209,127.1247,28.72,,,,
572,2010.10.05,2010.11.01,성남,수도권기상청(119),37.442,127.140,25.4,,,,
572,2010.08.16,2010.10.05,성남,인천기상대(112),37.4415,127.1404,25.4,,,,
572,2007.08.28,2010.08.15,성남,서울기상관측소(108),37.4415,127.1404,25.4,,,,
572,1993.09.06,2007.08.28,성남,서울기상관측소(108),37.421,127.1248,25.4,,,,
573,2015.07.13,~,청운,,37.5565,127.7139,120,,,,
573,2012.12.17,2015.07.13,청운,이천지역기상서비스센터(203),37.5565,127.7139,120,,,,
573,1993.11.17,2012.12.17,청운,이천지역기상서비스센터(203),37.5563,127.7106,126.84,,,,
574,2015.07.13,~,대신,,37.3694,127.5901,40,,,,
574,2012.12.17,2015.07.13,대신,이천지역기상서비스센터(203),37.3694,127.5901,40,,,,
574,1993.11.05,2012.12.17,대신,이천지역기상서비스센터(203),37.3751,127.5865,51.31,,,,
575,2017.08.25,~,용인이동,,37.1058,127.1877,48.1,,,,
575,2016.08.01,2017.08.25,용인이동,,37.106,127.188,48,,,,
575,2014.12.23,2016.08.01,이동,,37.106,127.188,48,,,,
575,1993.11.17,2014.12.23,이동,수도권기상청(119),37.1399,127.198,59,,,,
576,2017.08.25,~,백암,,37.1297,127.3663,135.9,,,,
576,2015.07.13,2017.08.25,백암,,37.1268,127.3686,114,,,,
576,2014.12.04,2015.07.13,백암,이천지역기상서비스센터(203),37.1268,127.3686,114,,,,
576,1993.11.16,2014.12.04,백암,이천지역기상서비스센터(203),37.1634,127.3755,111.98,,,,
577,1993.09.04,~,장봉도,인천기상대(112),37.5341,126.3365,10.38,,,,
578,2015.07.13,~,호도,대전지방기상청(133),36.3011,126.2664,10,,,,
578,2013.12.18,2015.07.13,호도,보령지역기상서비스센터(235),36.3011,126.2664,10,,,,
578,1993.09.13,2013.12.17,용유도,인천기상대(112),37.450,126.420,15,,,,
579,2015.07.13,~,하장,강릉(구 105),37.3669,128.9133,609.21,,,,
579,2012.12.07,2015.07.13,하장,동해기상대(106),37.3666,128.9129,615,,,,
579,1993.09.14,2012.12.07,하장,동해기상대(106),37.3495,128.9431,653.84,,,,
580,2015.07.13,~,옥계,강릉(구 105),37.6135,129.0289,58.38,,,,
580,2012.11.07,2015.07.13,옥계,동해기상대(106),37.6135,129.0288,48,,,,
580,1993.09.13,2012.11.07,옥계,동해기상대(106),37.6126,129.0378,15.06,,,,
581,2015.07.13,~,상동,강릉(구 105),37.1164,128.7742,420,,,,
581,2010.12.10,2015.07.13,상동,영월기상대(121),37.1164,128.7742,420,,,,
581,2007.08.01,2010.12.10,상동,영월기상대(121),37.1293,128.8292,509,,,,
581,2004.03.25,2007.08.01,상동,영월기상대(121),37.1293,128.8292,509,,,,
581,1993.09.09,2004.03.25,상동,영월기상대(121),37.1409,128.8385,510,,,,
582,2015.07.13,~,신림,강릉(구 105),37.2314,128.0799,330.28,,,,
582,2013.11.01,2015.07.13,신림,원주기상대(114),37.2314,128.0799,330.28,,,,
582,2010.11.24,2013.10.29,신림,원주기상대(114),37.2314,128.0799,327,,,,
582,2007.08.14,2010.11.24,신림,원주기상대(114),37.2278,128.0829,331,,,,
582,1993.09.07,2007.08.14,신림,원주기상대(114),37.2278,128.0829,331,,,,
583,2015.07.13,~,안흥,강릉(구 105),37.4646,128.1551,530,,,,
583,2013.12.26,2015.07.13,안흥,원주기상대(114),37.4646,128.1551,530,,,,
583,2007.08.13,2013.12.26,안흥,원주기상대(114),37.4125,128.1561,430.66,,,,
583,1993.09.08,2007.08.13,안흥,원주기상대(114),37.410,128.1568,430,,,,
584,1993.09.08,2010.12.04,정선북,영월기상대(121),37.4711,128.7245,386,,,,
585,1993.10.19,~,신남,강릉(구 105),37.966,128.0834,236.41,,,,
586,2015.08.05,~,북산,춘천기상대(101),38.0321,127.8769,226,,,,
586,1993.10.19,2015.08.05,북산,춘천기상대(101),37.9876,127.8858,240.61,,,,
587,2012.10.08,~,방산,춘천기상대(101),38.2262,127.9505,280,,,,
587,1993.10.08,2012.10.08,방산,춘천기상대(101),38.2091,127.9495,262.19,,,,
588,1993.10.20,~,남산,춘천기상대(101),37.7918,127.6462,93.59,,,,
589,2017.08.25,~,능곡,,37.7024,126.7903,82.1,,,,
589,2015.07.13,2017.08.25,능곡,,37.7024,126.7903,58,,,,
589,2012.07.17,2015.07.13,능곡,파주기상대(99),37.7024,126.7903,58,,,,
589,2010.08.16,2012.07.17,능곡,파주기상대(99),37.6205,126.7943,11.51,,,,
589,1994.12.11,2010.08.15,능곡,서울기상관측소(108),37.6372,126.7586,10,,,,
590,2010.12.14,~,과천,,37.4404,127.0024,44.35,,,,
590,2010.11.01,2010.12.14,과천,수도권기상청(119),37.426,126.989,70,,,,
590,2010.10.05,2010.11.01,과천,수도권기상청(119),37.426,126.989,70,,,,
590,2010.08.16,2010.10.05,과천,인천기상대(112),37.4263,126.9887,70,,,,
590,2007.08.29,2010.08.15,과천,서울기상관측소(108),37.4263,126.9887,70,,,,
590,1994.12.12,2007.08.29,과천,서울기상관측소(108),37.4263,126.9887,70,,,,
591,2015.07.13,~,치악산,강릉(구 105),37.4155,128.0505,268.45,,,,
591,2009.09.01,2015.07.13,치악산,원주기상대(114),37.4155,128.0505,268.45,,,,
591,2007.08.15,2009.09.01,치악산,원주기상대(114),37.430,128.030,282,,,,
591,1994.12.15,2007.08.15,치악산,원주기상대(114),37.430,128.030,282,,,,
592,2015.07.13,~,부론,강릉(구 105),37.2316,127.7487,52,,,,
592,2011.11.01,2015.07.13,부론,원주기상대(114),37.2316,127.7487,52,,,,
592,2007.08.16,2011.11.01,부론,원주기상대(114),37.2075,127.7505,64.08,,,,
592,1994.12.16,2007.08.16,부론,원주기상대(114),37.2045,127.753,64,,,,
593,2011.11.02,~,양양영덕,강릉(구 105),38.0074,128.5407,146.05,,,,
593,1994.12.14,2011.11.01,서림,강릉(구 105),37.9811,128.5265,159.8,,,,
594,2013.12.12,~,서화,강릉(구 105),38.2533,128.210,316,,,,
594,2007.08.17,2013.12.12,서화,춘천기상대(101),38.2183,128.2085,311,,,,
594,1994.12.13,2007.08.17,서화,속초기상대(90),38.2168,128.2102,311,,,,
595,2015.07.13,~,진부령,강릉(구 105),38.2664,128.374,596.25,,,,
595,2009.06.29,2015.07.13,진부령,속초기상대(90),38.2664,128.374,596.25,,,,
595,2007.08.08,2009.06.29,진부령,속초기상대(90),38.2664,128.374,600.6,,,,
595,2006.11.29,2007.08.08,진부령,속초기상대(90),38.2664,128.374,600.6,,,,
595,1998.04.27,2006.11.29,진부령,속초기상대(90),38.2667,128.3833,620,,,,
595,1994.12.13,1998.04.27,진부령,속초기상대(90),38.260,128.380,520,,,,
596,2012.11.15,~,오색,강릉(구 105),38.077,128.4932,237.73,,,,
596,2007.08.07,2012.11.15,오색,강릉(구 105),38.0775,128.451,337.35,,,,
596,1994.12.14,2007.08.07,오색,강릉(구 105),38.070,128.450,337,,,,
597,2015.07.13,~,대화,강릉(구 105),37.5455,128.4411,561.08,,,,
597,2012.11.16,2015.07.13,대화,대관령기상대(100),37.5455,128.4411,562.81,,,,
597,2007.08.03,2012.11.16,대화,대관령기상대(100),37.5009,128.4585,445.58,,,,
597,1994.12.15,2007.08.03,대화,대관령기상대(100),37.4927,128.4594,445,,,,
598,2015.07.13,~,양주,,37.8312,126.9905,85.22,,,,
598,2003.10.19,2015.07.13,양주,파주기상대(99),37.8312,126.9905,85.22,,,,
598,1998.04.14,2003.10.19,양주,파주기상대(99),37.830,127.000,106,,,,
598,1995.02.11,1998.04.14,광적,서울기상관측소(108),37.830,127.000,78,,,,
599,2015.07.13,~,광릉,,37.7617,127.1698,101.49,,,,
599,1998.04.14,2015.07.13,광릉,동두천지역기상서비스센터(98),37.7617,127.1698,101.49,,,,
599,1992.02.15,1998.04.14,광릉,서울기상관측소(108),37.7538,127.1722,104,,,,
600,2017.08.25,~,금왕,청주기상대(131),36.9737,127.5898,132,,,,
600,2015.07.13,2017.08.25,금왕,청주기상대(131),36.9737,127.5897,131.98,,,,
600,2011.11.01,2015.07.13,금왕,충주지역기상서비스센터(127),36.9737,127.5897,131.98,,,,
600,2001.06.19,2011.11.01,금왕,충주지역기상서비스센터(127),36.9882,127.6003,100,,,,
600,1990.06.04,2001.06.19,금왕,충주지역기상서비스센터(127),36.9882,127.6003,100,,,,
601,2017.08.25,~,단양,청주기상대(131),36.9855,128.3669,184.2,,,,
601,2015.07.13,2017.08.25,단양,청주기상대(131),36.9855,128.3669,184.21,,,,
601,1990.06.05,2015.07.13,단양,충주지역기상서비스센터(127),36.9855,128.3669,184.21,,,,
602,2011.09.30,~,진천,청주기상대(131),36.8539,127.4297,90.45,,,,
602,1990.06.06,2011.09.30,진천,청주기상대(131),36.8539,127.4297,91.98,,,,
603,2017.08.25,~,괴산,청주기상대(131),36.8161,127.7776,120.5,,,,
603,2001.06.19,2017.08.25,괴산,청주기상대(131),36.800,127.800,127,,,,
603,1990.06.07,2001.06.19,괴산,청주기상대(131),36.800,127.800,115,,,,
604,2015.07.13,~,옥천,청주기상대(131),36.300,127.5965,117.84,,,,
604,2005.08.05,2015.07.13,옥천,추풍령지역기상서비스센터(135),36.300,127.5965,117.84,,,,
604,1990.06.10,2005.08.05,옥천,대전지방기상청(133),36.300,127.580,110,,,,
605,2015.07.13,~,영동,청주기상대(131),36.1631,127.7598,137.14,,,,
605,1990.06.11,2015.07.13,영동,추풍령지역기상서비스센터(135),36.1631,127.7598,137.14,,,,
606,2015.12.23,~,대산,,37.011,126.388,16,,,,
606,2011.11.21,2015.12.23,대산,,37.011,126.388,16,,,,
606,1999.01.07,2011.11.21,대산,홍성기상대(서산 129),36.9984,126.454,14.82,,,,
606,1998.12.08,1999.01.07,대산,홍성기상대(서산 129),36.9833,126.450,6,,,,
606,1990.06.07,1998.12.08,대산,홍성기상대(서산 129),36.9367,126.4363,29,,,,
607,2017.08.25,~,근흥,,36.6731,126.1354,9.7,,,,
607,1997.11.07,2017.08.25,근흥,,36.6667,126.150,8,,,,
607,1990.06.12,1997.11.07,근흥,홍성기상대(서산 129),36.680,126.170,10,,,,
608,2012.11.23,~,홍북,,36.6276,126.6453,83,,,,
608,1990.06.17,2012.11.23,봉산,홍성기상대(서산 129),36.7487,126.6816,43.56,,,,
609,2015.07.13,~,삽시도,대전지방기상청(133),36.3379,126.3564,36.1,,,,
609,2014.10.25,2015.07.13,삽시도,보령지역기상서비스센터(235),36.3379,126.3564,36.1,,,,
609,2009.10.15,2014.10.25,삽시도,보령지역기상서비스센터(235),36.3435,126.3518,22.62,,,,
609,1999.09.08,2009.10.15,안면,홍성기상대(서산 129),36.420,126.440,36,,,,
609,1998.04.24,1999.09.08,안면,홍성기상대(서산 129),36.4167,126.4333,9,,,,
609,1990.06.12,1998.04.24,안면,홍성기상대(서산 129),36.5183,126.3453,20,,,,
610,2017.09.12,~,홍성죽도,,36.520,126.4424,8,,,,
610,2009.08.19,2017.09.12,홍성,,36.5926,126.6444,49.27,,,,
610,1990.06.14,2009.08.19,홍성,홍성기상대(서산 129),36.580,126.630,57,,,,
611,2012.09.01,~,세종연서,대전지방기상청(133),36.5665,127.2797,28.1,,,,
611,2012.07.02,2012.09.01,연기,대전지방기상청(133),36.5665,127.2797,28.1,,,,
611,2011.10.06,2012.07.02,연기,천안지역기상서비스센터(232),36.5665,127.2797,28.1,,,,
611,1990.06.07,2011.10.06,연기,천안지역기상서비스센터(232),36.570,127.270,25,,,,
612,2013.12.19,~,공주,대전지방기상청(133),36.4881,127.1379,28.8,,,,
612,2009.11.16,2013.12.19,공주,대전지방기상청(133),36.4609,127.1114,49.96,,,,
612,1990.01.07,2009.11.16,공주,대전지방기상청(133),36.4833,127.100,67,,,,
614,2015.07.13,~,서천,대전지방기상청(133),36.0622,126.7043,8,,,,
614,2010.12.14,2015.07.13,서천,군산기상대(140),36.0622,126.7043,8,,,,
614,1999.04.28,2010.12.14,서천,군산기상대(140),36.050,126.700,16,,,,
614,1992.05.12,1999.04.28,서천,대전지방기상청(133),36.050,126.700,8,,,,
615,2013.12.24,~,논산,대전지방기상청(133),36.2116,127.1083,11.5,,,,
615,2009.05.21,2013.12.23,논산,대전지방기상청(133),36.2276,127.0853,5.91,,,,
615,1997.10.30,2009.05.21,논산,대전지방기상청(133),36.1833,127.100,14,,,,
615,1990.06.05,1997.10.30,논산,대전지방기상청(133),36.300,127.1667,10,,,,
616,2010.11.08,~,당진,,36.889,126.618,50,,,10.000,
616,2000.03.17,2010.11.08,당진,홍성기상대(서산 129),36.900,126.650,21,,,,
616,1991.11.14,2000.03.17,당진,홍성기상대(서산 129),36.880,126.620,20,,,,
617,2015.07.13,~,성거,대전지방기상청(133),36.8782,127.1561,41.38,,,,
617,1991.11.14,2015.07.13,성거,천안지역기상서비스센터(232),36.8782,127.1561,41.38,,,,
618,2015.07.13,~,청양,대전지방기상청(133),36.4237,126.7791,98.12,,,10.000,
618,2007.12.17,2015.07.13,청양,보령지역기상서비스센터(235),36.4237,126.7791,98.12,,,10.000,
618,1991.11.16,2007.12.13,청양,홍성기상대(서산 129),36.420,126.780,118,,,,
619,2015.07.13,~,음성,청주기상대(131),36.9444,127.6845,161.02,,,,
619,2010.11.09,2015.07.13,음성,충주지역기상서비스센터(127),36.9444,127.6845,161.02,,,,
619,2001.06.19,2010.11.09,음성,충주지역기상서비스센터(127),36.930,127.680,163,,,,
619,1991.11.23,2001.06.19,음성,충주지역기상서비스센터(127),36.930,127.680,145,,,,
620,2015.07.13,~,엄정,청주기상대(131),37.0737,127.9035,63.53,,,,
620,2011.12.19,2015.07.13,엄정,충주지역기상서비스센터(127),37.0737,127.9035,63.53,,,,
620,2001.06.19,2011.12.19,엄정,충주지역기상서비스센터(127),37.0865,127.9152,77.61,,,,
620,1992.11.17,2001.06.19,엄정,충주지역기상서비스센터(127),37.0828,127.9164,95,,,,
621,2015.07.13,~,수산,청주기상대(131),36.9732,128.2142,147.26,,,,
621,2012.12.21,2015.07.13,수산,충주지역기상서비스센터(127),36.9732,128.2142,147.26,,,,
621,1992.11.18,2012.12.21,청풍,충주지역기상서비스센터(127),37.0003,128.1678,185.72,,,,
622,2015.07.13,~,수안보,청주기상대(131),36.8391,128.0079,232.11,,,,
622,2010.07.13,2015.07.13,수안보,충주지역기상서비스센터(127),36.8391,128.0079,232.11,,,,
622,2001.06.19,2010.07.13,수안보,충주지역기상서비스센터(127),36.842,127.9939,195,,,,
622,1992.11.17,2001.06.19,수안보,충주지역기상서비스센터(127),36.842,127.9939,195,,,,
623,2010.07.30,~,증평,청주기상대(131),36.7956,127.562,74.72,,,10.000,
623,2007.07.28,2010.07.29,증평,충주지역기상서비스센터(127),36.780,127.580,102,,,,
623,2001.06.19,2007.07.28,증평,충주지역기상서비스센터(127),36.780,127.580,102,,,,
623,1992.11.20,2001.06.19,증평,청주기상대(131),36.780,127.580,102,,,,
624,2014.07.01,~,상당,청주기상대(131),36.6294,127.6588,244,,,,
624,1992.11.16,2014.06.30,청원,청주기상대(131),36.6294,127.6588,244,,,,
625,1992.11.15,~,속리산,청주기상대(131),36.5172,127.8167,324.91,,,,
626,2016.08.01,~,옥천청산,청주기상대(131),36.3709,127.8156,120.73,,,,
626,2015.07.13,2016.08.01,청산,청주기상대(131),36.3709,127.8156,120.73,,,,
626,2015.04.13,2015.07.13,청산,,36.3709,127.8156,120.73,,,,
626,1992.11.17,2015.04.13,청산,추풍령지역기상서비스센터(135),36.3709,127.8156,120.24,,,,
627,2007.07.21,~,태안,,36.7585,126.2964,40.89,,,,
627,1992.11.17,2007.07.20,태안,홍성기상대(서산 129),36.7544,126.2988,41,,,,
628,2015.07.13,~,예산,대전지방기상청(133),36.7422,126.8144,38.74,,,,
628,2007.10.23,2015.07.13,예산,천안지역기상서비스센터(232),36.7422,126.8144,38.74,,,,
628,1998.11.06,2007.10.23,예산,대전지방기상청(133),36.6778,126.800,39,,,,
628,1992.11.17,1998.11.06,예산,대전지방기상청(133),36.6778,126.8489,44,,,,
629,2012.12.15,~,세종전의,대전지방기상청(133),36.6908,127.2005,84.49,,,,
629,2012.09.01,2012.12.15,세종전의,대전지방기상청(133),36.6814,127.1959,80.43,,,,
629,2012.07.02,2012.09.01,전의,천안지역기상서비스센터(232),36.6814,127.1959,80.43,,,,
629,1999.02.05,2012.07.02,전의,천안지역기상서비스센터(232),36.6814,127.1959,80.43,,,,
629,1992.11.19,1999.02.05,전의,청주기상대(131),36.6757,127.2066,62,,,,
630,2015.12.24,~,노은,청주기상대(131),37.042,127.787,116.55,,,,
630,2015.07.13,2015.12.24,노은,청주기상대(131),37.042,127.787,116.55,,,,
630,2010.08.20,2015.07.13,노은,충주지역기상서비스센터(127),37.042,127.787,116.55,,,,
630,2001.06.19,2010.08.20,노은,충주지역기상서비스센터(127),37.0451,127.7563,146,,,,
630,1993.09.11,2001.06.19,노은,충주지역기상서비스센터(127),37.0451,127.7563,120,,,,
631,2007.10.16,~,송도,인천기상대(112),37.3478,126.6175,10.18,,,10.000,
631,2001.01.05,2007.10.09,팔미도,인천기상대(112),37.355,126.5133,63,,,,
632,2015.07.13,~,유구,대전지방기상청(133),36.5378,126.9495,55.1,,,,
632,2014.11.04,2015.07.13,유구,천안지역기상서비스센터(232),36.5378,126.9495,55.1,,,,
632,2007.07.24,2014.11.04,유구,천안지역기상서비스센터(232),36.5528,126.9503,71.54,,,,
632,1993.10.10,2007.07.24,유구,대전지방기상청(133),36.5495,126.952,76,,,,
633,2015.07.13,~,정안,대전지방기상청(133),36.5511,127.0939,72.5,,,,
633,2012.06.12,2015.07.13,정안,천안지역기상서비스센터(232),36.5511,127.0939,72.5,,,,
633,2005.09.16,2012.06.12,정안,천안지역기상서비스센터(232),36.6094,127.1227,61.34,,,,
633,1993.10.11,2005.09.16,정안,대전지방기상청(133),36.6041,127.1207,40,,,,
634,2015.07.13,~,아산,대전지방기상청(133),36.8458,126.8654,27.5,,,,
634,2009.09.17,2015.07.13,아산,천안지역기상서비스센터(232),36.8458,126.8654,27.5,,,,
634,1993.10.22,2009.09.15,아산,천안지역기상서비스센터(232),36.8664,126.8858,15,,,,
635,2017.08.25,~,양화,대전지방기상청(133),36.1319,126.8602,10.7,,,,
635,2015.12.23,2017.08.25,양화,대전지방기상청(133),36.1319,126.8603,10,,,,
635,2015.07.13,2015.12.23,양화,대전지방기상청(133),36.1319,126.8603,10,,,,
635,2011.10.28,2015.07.13,양화,보령지역기상서비스센터(235),36.1319,126.8603,10,,,,
635,2007.07.25,2011.10.27,홍산,보령지역기상서비스센터(235),36.2139,126.7609,26,,,,
635,1993.10.17,2007.07.25,홍산,대전지방기상청(133),36.2139,126.7609,26,,,,
636,2015.12.08,~,계룡,대전지방기상청(133),36.3135,127.2407,131.9,,,,
636,2009.11.26,2015.12.08,계룡,대전지방기상청(133),36.3132,127.2407,131.99,,,,
636,1993.10.08,2009.11.26,계룡,대전지방기상청(133),36.300,127.230,146,,,,
637,2013.07.10,~,신평,,36.894,126.8054,22,,,,
637,2007.07.20,2013.07.10,이원,홍성기상대(서산 129),36.8699,126.2807,23.57,,,,
637,1993.09.21,2007.07.20,이원,홍성기상대(서산 129),36.8679,126.2837,27,,,,
638,2015.07.13,~,영춘,청주기상대(131),37.0847,128.4847,175,,,,
638,2013.12.28,2015.07.13,영춘,영월기상대(121),37.0847,128.4847,175,,,,
638,2007.07.31,2012.12.27,영춘,영월기상대(121),37.0787,128.4874,183.28,,,,
638,2001.01.01,2007.07.31,영춘,영월기상대(121),37.0758,128.4887,184,,,,
638,1994.12.14,2001.01.01,영춘,충주지역기상서비스센터(127),37.0758,128.4887,190,,,,
639,2015.07.13,~,덕산,청주기상대(131),36.9041,128.1457,282,,,,
639,2011.08.24,2015.07.13,덕산,충주지역기상서비스센터(127),36.9041,128.1457,282,,,,
639,1994.12.15,2011.08.24,덕산,충주지역기상서비스센터(127),36.9117,128.1643,273.58,,,,
640,2011.11.21,~,청천,청주기상대(131),36.6711,127.8617,225.09,,,,
640,2001.06.19,2011.11.21,청천,청주기상대(131),36.760,127.860,225,,,,
640,1994.12.16,2001.06.19,청천,충주지역기상서비스센터(127),36.760,127.860,225,,,,
641,2017.08.25,~,대청,청주기상대(131),36.5223,127.5017,88.2,,,,
641,1994.04.23,2017.08.25,대청,청주기상대(131),36.470,127.480,113,,,,
642,2015.12.23,~,문화,대전지방기상청(133),36.3105,127.4061,77.27,,,,
642,1994.12.17,2015.12.23,문화,대전지방기상청(133),36.3105,127.4061,77.27,,,,
643,2010.06.07,~,세천,대전지방기상청(133),36.3402,127.4938,91.75,,,,
643,1994.12.18,2010.06.07,세천,대전지방기상청(133),36.340,127.490,92,,,,
644,2012.09.12,~,연무,대전지방기상청(133),36.1366,127.0901,24.1,,,,
644,1994.12.19,2012.09.12,양촌,대전지방기상청(133),36.1385,127.2327,56.43,,,,
645,2013.12.13,~,서부,,36.579,126.5109,20.5,,,,
645,1994.12.09,2013.12.13,서부,홍성기상대(서산 129),36.5804,126.5173,22.58,,,,
646,2017.08.25,~,춘장대,대전지방기상청(133),36.1741,126.5284,9.5,,,,
646,2015.07.13,2017.08.25,춘장대,대전지방기상청(133),36.1741,126.5293,13.1,,,,
646,2012.11.27,2015.07.13,춘장대,군산기상대(140),36.1741,126.5293,13.1,,,,
646,1999.04.28,2012.11.27,신합,군산기상대(140),36.153,126.5496,21.3,,,,
646,1994.12.14,1999.04.28,신합,대전지방기상청(133),36.1504,126.5546,15,,,,
647,2015.07.13,~,가곡,청주기상대(131),36.125,127.6924,120.45,,,,
647,2009.06.29,2015.07.13,가곡,추풍령지역기상서비스센터(135),36.125,127.6924,120.45,,,,
647,1993.10.14,2009.06.29,가곡,추풍령지역기상서비스센터(135),36.1173,127.6695,127,,,,
648,2008.08.26,~,장동,대전지방기상청(133),36.421,127.444,83.91,,,,
648,1990.06.09,2008.08.26,구즉,대전지방기상청(133),36.4333,127.3833,62,,,,
649,2010.12.01,~,부평,인천기상대(112),37.4722,126.7507,31,,,,
649,2007.10.28,2010.12.01,선미도,인천기상대(112),37.285,126.080,160,,,,
649,2001.01.05,2007.10.28,선미도,인천기상대(112),37.285,126.080,160,,,,
650,2015.07.13,~,양지,춘천기상대(101),38.2726,127.2772,230,,,,
650,2012.05.22,2015.07.13,양지,철원기상대(95),38.2726,127.2772,230,,,,
650,2007.08.31,2012.05.22,정연,철원기상대(95),38.2867,127.3311,200.02,,,,
650,1998.02.20,2007.08.31,정연,철원기상대(95),38.2833,127.3333,200,,,,
651,2015.07.13,~,외촌,춘천기상대(101),38.2772,127.2056,216.03,,,,
651,2012.05.23,2015.07.13,외촌,철원기상대(95),38.2772,127.2058,221,,,,
651,1998.02.19,2012.05.23,대마,철원기상대(95),38.264,127.1652,201.62,,,,
652,2016.08.01,~,연천청산,,38.0265,127.0781,51.9,,,,
652,2015.07.13,2016.08.01,청산,,38.0265,127.0781,51.9,,,,
652,1998.05.08,2015.07.13,청산,동두천지역기상서비스센터(98),38.0265,127.0781,51.9,,,,
654,2015.12.04,~,자월도,인천기상대(112),37.2542,126.3079,10.8,,,,
654,2004.11.10,2015.12.04,자월도,인천기상대(112),37.2546,126.3072,18.81,,,,
654,1999.06.19,2004.11.10,자월도,인천기상대(112),37.250,126.3333,23,,,,
655,2004.11.16,~,소청도,백령도기상대(102),37.7603,124.7291,76.13,,,,
655,2000.01.31,2004.11.16,소청도,백령도기상대(102),37.750,124.7167,83,,,,
655,1999.06.24,2000.01.31,소청도,인천기상대(112),37.750,124.7167,83,,,,
656,2004.11.10,~,볼음도,인천기상대(112),37.6709,126.1922,13.3,,,,
656,1999.06.10,2004.11.10,볼음도,인천기상대(112),37.650,126.1833,30,,,,
657,2015.07.13,~,대천항,대전지방기상청(133),36.3245,126.5017,24,,,,
657,2015.04.07,2015.07.13,대천항,보령지역기상서비스센터(235),36.3245,126.5017,24,,,,
657,2011.01.17,2015.04.07,대천항,보령지역기상서비스센터(235),36.3239,126.5038,42.31,,,,
657,2004.11.18,2011.01.17,보령항,보령지역기상서비스센터(235),36.3167,126.500,25,,,,
657,1999.06.03,2004.11.18,보령항,홍성기상대(서산 129),36.3167,126.500,25,,,,
658,2017.08.25,~,만리포,,36.7683,126.1214,69.6,,,,
658,2015.07.13,2017.08.25,만리포,,36.7683,126.1214,69.6,,,,
658,2009.09.16,2015.07.13,만리포,홍성기상대(서산 129),36.7683,126.1214,69.6,,,,
658,2004.11.03,2009.09.15,만리포,홍성기상대(서산 129),36.8333,126.1333,10,,,,
658,1999.06.18,2004.11.03,만리포,홍성기상대(서산 129),36.8333,126.1333,5,,,,
659,2004.11.16,~,계룡산,대전지방기상청(133),36.343,127.2057,831.67,,,,
659,1999.06.02,2004.11.16,계룡산,대전지방기상청(133),36.4167,127.250,835,,,,
660,2015.07.13,~,면온,강릉(구 105),37.562,128.3776,531.69,,,,
660,2012.09.04,2015.07.13,면온,대관령기상대(100),37.562,128.3776,531.69,,,,
660,2004.11.11,2012.09.03,면온,대관령기상대(100),37.550,128.350,567,,,,
660,1999.06.08,2004.11.11,면온,대관령기상대(100),37.550,128.350,570,,,,
661,2015.12.22,~,현내,강릉(구 105),38.5441,128.4027,5,,,,
661,2015.07.13,2015.12.22,현내,강릉(구 105),38.5441,128.4027,5,,,,
661,2010.12.11,2015.07.13,현내,속초기상대(90),38.5441,128.4027,5,,,,
661,2004.11.11,2010.12.11,현내,속초기상대(90),38.5333,128.400,6,,,,
661,1999.06.10,2004.11.11,통일,속초기상대(90),38.5333,128.400,8,,,,
662,2007.10.09,~,승봉도,인천기상대(112),37.1707,126.297,13.27,,,7.000,
662,2001.01.05,2007.10.05,부도,인천기상대(112),37.1467,126.350,30,,,,
663,2001.02.21,~,목덕도,인천기상대(112),36.9286,125.7869,60.48,,,,
664,2016.11.21,~,영흥도,인천기상대(112),37.2247,126.4584,28,,,,
664,2007.09.13,2016.11.21,영흥도,인천기상대(112),37.2556,126.484,26,,,,
664,2001.01.05,2007.09.13,영흥도,인천기상대(112),37.2667,126.4667,25,,,,
665,2007.09.11,~,무의도,인천기상대(112),37.3904,126.4252,22.85,,,,
665,2001.01.05,2007.09.11,무의도,인천기상대(112),37.3833,126.4167,26,,,,
666,2007.09.04,~,안도,,36.9587,126.1684,26.52,,,,
666,2001.02.14,2007.09.04,안도,홍성기상대(서산 129),36.950,126.1667,65,,,,
667,2001.01.05,~,옹도,,36.6476,126.0093,58.91,,,,
669,2015.07.13,~,외연도,대전지방기상청(133),36.2289,126.0817,20.54,,,,
669,2007.09.07,2015.07.13,외연도,보령지역기상서비스센터(235),36.2289,126.0817,20.54,,,,
669,2001.02.13,2007.09.07,외연도,홍성기상대(서산 129),36.2167,125.450,4,,,,
670,2006.12.15,~,양양,강릉(구 105),38.0872,128.6297,4.31,,,,
671,2015.07.13,~,청호,강릉(구 105),38.1909,128.5936,3,,,,
671,2011.06.11,2015.07.13,청호,속초기상대(90),38.1909,128.5936,3,,,,
671,2006.12.15,2011.06.11,청호,속초기상대(90),38.1988,128.5941,7.4,,,,
672,2015.07.13,~,상하,전주기상대(146),35.4424,126.4883,10.76,,,,
672,2009.11.19,2015.07.13,상하,고창기상대(172),35.4424,126.4883,10.76,,,,
673,2009.11.05,~,진영,부산지방기상청(159),35.2822,128.7175,20.56,,,,
674,2015.07.13,~,사북,강릉(구 105),37.2197,128.8214,821,,,,
674,2010.12.05,2015.07.13,사북,영월기상대(121),37.2197,128.8214,821,,,,
675,2011.06.07,~,남이섬,춘천기상대(101),37.7898,127.5277,51.51,,,,
680,2016.11.28,~,평화,춘천기상대(101),38.2128,127.8447,232,,,,
680,2005.11.15,2016.11.28,평화,춘천기상대(101),38.2127,127.8441,224.36,,,,
680,2002.05.24,2005.11.15,평화,춘천기상대(101),38.210,127.8458,233,,,,
681,2015.07.13,~,원동,춘천기상대(101),38.2438,127.8117,210.81,,,,
681,2004.07.15,2015.07.13,원동,철원기상대(95),38.2438,127.8117,210.81,,,,
681,2002.06.14,2004.07.15,원동,속초기상대(90),38.2414,127.8139,230,,,,
682,2002.06.14,~,임남,춘천기상대(101),38.2806,127.8647,1062,,,,
683,2017.08.25,~,오창가곡,청주기상대(131),36.7248,127.4655,66,,,,
683,2013.10.01,2017.08.25,오창가곡,청주기상대(131),36.7232,127.4401,66,,,,
684,2013.10.01,~,춘천신북,춘천기상대(101),37.9546,127.7763,140.27,,,,
685,2015.07.13,~,강정,제주지방기상청(184),33.2613,126.4893,143,,,,
685,2013.10.02,2015.07.13,강정,서귀포지역기상서비스센터(189),33.2613,126.4893,143,,,,
686,2015.07.13,~,대곡,창원기상대(155),35.2439,128.1547,22,,,,
686,2013.10.01,2015.07.13,대곡,진주기상대(192),35.2439,128.1547,22,,,,
690,2015.07.13,~,풍산,전주기상대(146),35.340,127.140,100,,,,
690,2010.11.30,2015.07.13,풍산,남원기상대(247),35.340,127.140,100,,,,
691,2015.07.13,~,정산,대전지방기상청(133),36.3824,126.9586,21.87,,,,
691,2010.12.15,2015.07.13,정산,보령지역기상서비스센터(235),36.3824,126.9586,21.87,,,,
691,2002.12.23,2010.12.15,장평,보령지역기상서비스센터(235),36.3539,126.8878,37,,,,
692,2015.07.13,~,백학,,38.0264,126.9178,38,,,,
692,2010.10.05,2015.07.13,백학,동두천지역기상서비스센터(98),38.0264,126.9178,38,,,,
692,2002.12.16,2010.10.05,백학,파주기상대(99),38.0264,126.9178,38,,,,
693,2011.09.23,~,오창,청주기상대(131),36.7232,127.4401,66,,,,
693,2002.12.30,2011.09.23,선유동,청주기상대(131),36.6945,127.8909,309.92,,,,
694,2002.12.16,~,원효봉,,36.7044,126.6094,674.9,,,,
695,2015.07.13,~,광덕산,춘천기상대(101),38.1162,127.432,1050.1,,,,
695,2006.02.28,2015.07.13,광덕산,철원기상대(95),38.1162,127.432,1050.1,,,,
695,2005.06.07,2006.02.28,광덕산,철원기상대(95),38.1083,127.4167,1051,,,,
695,2003.02.05,2005.06.07,광덕산,철원기상대(95),38.1083,127.4167,1051,,,,
696,2015.07.13,~,신기,강릉(구 105),37.3466,129.0861,81.79,,,,
696,2010.12.22,2015.07.13,신기,동해기상대(106),37.3466,129.0861,81.79,,,,
696,2002.12.24,2010.12.22,신기,동해기상대(106),37.3464,129.085,101,,,,
697,2017.08.25,~,서거차도,목포기상대(165),34.2506,125.9183,1.1,,,,
697,2015.07.13,2017.08.25,서거차도,목포기상대(165),34.2511,125.9183,4,,,,
697,2011.08.12,2015.07.13,서거차도,진도기상대(175),34.2511,125.9183,4,,,,
697,2010.12.09,2011.08.11,죽도,진도기상대(175),34.2217,125.8483,84,,,,
697,2003.12.26,2010.12.09,죽도,진도기상대(175),34.2217,125.8483,84,,,,
698,2001.09.15,~,해제,목포기상대(165),35.0938,126.2851,25.12,,,,
699,2011.12.19,~,무안,목포기상대(165),34.9838,126.4612,36,,,,
699,2000.09.01,2011.12.19,무안,목포기상대(165),35.010,126.4833,35,,,,
700,2015.07.13,~,어청도,전주기상대(146),36.1251,125.9682,52.32,,,,
700,2000.01.14,2015.07.13,어청도,군산기상대(140),36.1251,125.9682,52.32,,,,
700,1990.07.28,2000.01.14,어청도,군산기상대(140),36.1144,125.9821,35,,,,
701,2015.07.13,~,무주,전주기상대(146),36.004,127.6719,205.78,,,,
701,2003.07.01,2015.07.13,무주,추풍령지역기상서비스센터(135),36.004,127.6719,205.78,,,,
701,1990.05.01,2003.07.01,무주,전주기상대(146),36.000,127.670,200,,,,
702,2009.12.02,~,익산,전주기상대(146),35.9451,126.9944,14.54,,,,
702,1999.09.04,2009.12.02,익산,전주기상대(146),35.9385,126.9943,30,,,,
702,1990.05.01,1999.09.04,이리,전주기상대(146),35.9385,126.9943,20,,,,
703,2011.12.26,~,진안,전주기상대(146),35.7619,127.4375,351.4,,,,
703,1990.05.01,2011.12.26,진안,전주기상대(146),35.7702,127.3783,288.86,,,,
704,2015.07.13,~,변산,전주기상대(146),35.6209,126.4775,4.61,,,,
704,2013.12.19,2015.07.13,변산,고창기상대(172),35.6209,126.4775,4.61,,,,
704,1991.11.08,2013.12.19,변산,고창기상대(172),35.6351,126.463,11.23,,,,
706,2011.10.18,~,담양,광주지방기상청(156),35.3102,126.9727,35.3,,,,
706,1991.03.08,2011.10.18,담양,광주지방기상청(156),35.3114,126.9731,48.85,,,,
707,2011.12.22,~,지도,목포기상대(165),35.058,126.2084,35.08,,,,
707,1991.11.10,2011.12.22,지도,목포기상대(165),35.0612,126.2076,22.31,,,,
708,2010.05.28,~,광산,광주지방기상청(156),35.1289,126.7453,30.35,,,,
708,2001.01.05,2010.05.28,광산,광주지방기상청(156),35.1167,126.7333,43,,,,
708,1991.03.08,2001.01.05,광산,광주지방기상청(156),35.130,126.800,37,,,,
709,2015.07.13,~,구례,광주지방기상청(156),35.1974,127.4618,30,,,,
709,2014.07.01,2015.07.13,구례,순천기상대(174),35.1974,127.4618,30,,,,
709,2007.09.11,2014.07.01,구례,순천기상대(174),35.1973,127.461,32.3,,,,
709,1997.06.04,2007.09.11,구례,여수기상대(168),35.1833,127.4333,32,,,,
709,1992.12.12,1997.06.04,구례,여수기상대(168),35.200,127.470,50,,,,
710,2012.11.20,~,나주,광주지방기상청(156),35.025,126.744,5.8,,,,
710,2007.10.16,2012.11.20,나주,광주지방기상청(156),35.0358,126.7514,14.66,,,,
710,2004.02.02,2007.10.16,나주,광주지방기상청(156),35.0358,126.7514,12,,,,
710,1992.12.12,2004.02.02,나주,광주지방기상청(156),35.0167,126.7167,50,,,,
711,2013.12.16,~,이양,광주지방기상청(156),34.9297,126.9886,52.21,,,,
711,1991.03.08,2013.12.16,이양,광주지방기상청(156),34.8879,126.9886,84.02,,,,
712,2015.07.13,~,순천시,광주지방기상청(156),34.9442,127.5101,9.47,,,,
712,2012.12.04,2015.07.13,순천시,순천기상대(174),34.9442,127.5101,9.47,,,,
712,1999.06.30,2012.12.04,순천시,순천기상대(174),34.9506,127.4875,28.07,,,,
712,1991.03.08,1999.06.30,장천,여수기상대(168),34.930,127.480,27,,,,
713,2015.07.13,~,광양읍,광주지방기상청(156),34.9751,127.5826,10.87,,,,
713,2013.10.01,2015.07.13,광양읍,순천기상대(174),34.9751,127.5826,10.87,,,,
713,2011.11.16,2013.10.01,광양,순천기상대(174),34.9751,127.5826,10.87,,,,
713,1991.03.08,2011.11.16,광양,순천기상대(174),34.976,127.5829,24.91,,,,
714,2013.10.02,~,자은도,목포기상대(165),34.8791,126.0287,4.3,,,,
714,1990.05.12,2013.10.02,자은도,목포기상대(165),34.8845,126.0474,18.42,,,,
715,2011.11.08,2014.05.09,진도읍,진도기상대(175),34.4731,126.2585,5.4,,,,
715,2011.11.08,2014.05.09,진도읍,진도기상대(175),34.4731,126.2585,5.4,,,,
715,2007.08.13,2011.11.08,진도읍,진도기상대(175),34.479,126.2691,12.44,,,,
715,2001.12.13,2007.08.13,진도읍,진도기상대(175),34.4795,126.2687,12,,,,
715,1990.06.06,2001.12.13,대흑산도,목포기상대(165),34.680,125.450,70,,,,
716,2012.11.28,~,하의도,목포기상대(165),34.6307,126.032,5.12,,,,
716,1990.05.10,2012.11.28,하의도,목포기상대(165),34.6069,126.0366,11.25,,,,
717,2015.07.13,~,의신,목포기상대(165),34.4274,126.3096,12,,,,
717,2012.09.27,2015.07.13,의신,진도기상대(175),34.4274,126.3096,12,,,,
717,2002.01.29,2012.09.27,임회,진도기상대(175),34.4064,126.1902,20.34,,,,
717,1998.05.18,2002.01.29,임회,목포기상대(165),34.400,126.1915,30,,,,
717,1995.11.08,1998.05.18,임회,완도기상대(170),34.400,126.1915,30,,,,
718,2015.07.13,~,상조도,목포기상대(165),34.3328,126.0361,7,,,,
718,2013.12.04,2015.07.13,상조도,진도기상대(175),34.3328,126.0361,7,,,,
718,2002.01.29,2013.12.04,하조도,진도기상대(175),34.2966,126.0473,24.13,,,,
718,1998.05.18,2002.01.29,하조도,목포기상대(165),34.2833,126.050,34,,,,
718,1997.11.20,1998.05.18,하조도,완도기상대(170),34.2833,126.050,34,,,,
718,1995.05.24,1997.11.20,하조도,완도기상대(170),34.3096,126.0448,50,,,,
719,2015.07.13,~,선유도,전주기상대(146),35.8118,126.3977,11.45,,,,
719,2007.10.09,2015.07.13,선유도,군산기상대(140),35.8118,126.3977,11.45,,,,
719,1994.12.24,2007.10.09,선유도,군산기상대(140),35.820,126.400,12,,,,
720,2015.07.13,~,보길도,목포기상대(165),34.1549,126.5499,27.12,,,,
720,2013.12.21,2015.07.13,보길도,완도기상대(170),34.1549,126.5499,27.12,,,,
720,2003.03.13,2013.12.21,보길도,완도기상대(170),34.1691,126.5676,9.27,,,,
720,1995.11.06,2003.03.13,보길도,완도기상대(170),34.1678,126.5544,15,,,,
721,2015.07.13,~,금일,목포기상대(165),34.3391,127.0282,1.38,,,,
721,2011.12.10,2015.07.13,금일,완도기상대(170),34.3391,127.0282,1.38,,,,
721,1995.11.09,2011.12.10,금일,완도기상대(170),34.349,127.0298,10.3,,,,
722,1999.06.30,~,조선대,광주지방기상청(156),35.1368,126.9288,107.94,,,,
722,1995.02.03,1999.06.30,학동,광주지방기상청(156),35.090,126.910,35,,,,
723,2007.10.16,~,거문도,여수기상대(168),34.0279,127.309,9.24,,,,
723,1991.03.08,2007.10.16,거문도,여수기상대(168),34.0236,127.3064,8,,,,
724,2016.05.26,~,추자도,제주지방기상청(184),33.9577,126.3014,8.65,,,,
724,2009.06.29,2016.05.26,추자도,제주지방기상청(184),33.959,126.2978,9.75,,,,
724,2005.12.23,2009.06.29,추자도,제주지방기상청(184),33.9591,126.2927,18,,,,
724,1991.10.22,2005.12.23,추자도,제주지방기상청(184),33.9547,126.3006,58,,,,
725,2016.05.05,~,우도,제주지방기상청(184),33.5229,126.9542,6.36,,,,
725,2015.07.13,2016.05.05,우도,제주지방기상청(184),33.5065,126.9534,6.36,,,,
725,1990.06.01,2015.07.13,우도,성산지역기상서비스센터(188),33.5065,126.9534,38.48,,,,
726,2016.11.06,~,마라도,제주지방기상청(184),33.122,126.268,12.2,,,,
726,2015.07.13,2016.11.06,마라도,제주지방기상청(184),33.1171,126.2673,25.5,,,,
726,2008.12.26,2015.07.13,마라도,고산지역기상서비스센터(185),33.1171,126.2673,25.5,,,,
726,1990.06.02,2008.12.26,마라도,고산지역기상서비스센터(185),33.1137,126.2714,44,,,,
727,2010.11.16,~,유수암,제주지방기상청(184),33.4099,126.3929,422.86,,,,
727,1998.05.01,2010.11.16,유수암,제주지방기상청(184),33.390,126.3949,422,,,,
727,1991.06.03,1998.05.01,애월,제주지방기상청(184),33.400,126.380,447,,,,
729,1991.11.20,2010.11.30,순창,남원기상대(247),35.380,127.130,100,,,,
730,2010.12.09,~,장성,광주지방기상청(156),35.2794,126.761,38.2,,,,
730,1991.11.20,2010.12.09,장성,광주지방기상청(156),35.320,126.820,66,,,,
731,2017.08.25,~,영암,목포기상대(165),34.8167,126.6863,2.2,,,,
731,2015.06.29,2017.08.25,영암,목포기상대(165),34.8167,126.6864,3.9,,,,
731,2003.03.20,2015.06.29,영암,목포기상대(165),34.7998,126.7013,26.41,,,,
731,1991.11.10,2003.03.20,영암,목포기상대(165),34.7947,126.7036,18,,,,
732,2011.08.19,~,보성,여수기상대(168),34.762,127.0922,146.32,,,,
732,2010.10.05,2011.08.19,보성,여수기상대(168),34.7623,127.0911,159.74,,,,
732,1991.11.20,2010.10.05,보성,완도기상대(170),34.770,127.080,159,,,,
733,2012.10.10,~,함라,전주기상대(146),36.0459,126.8919,49,,,,
733,1992.12.07,2012.10.10,함열,전주기상대(146),36.0412,126.959,15.85,,,,
734,2017.03.03,~,완주,전주기상대(146),35.9855,127.2457,64,,,,
734,2012.10.09,2017.03.03,완주,전주기상대(146),35.9064,127.1654,43,,,,
734,2007.07.23,2012.10.08,완주,전주기상대(146),35.9765,127.205,60.79,,,,
734,1992.12.07,2007.07.23,고산,전주기상대(146),35.9728,127.2112,53,,,,
735,2015.10.27,~,덕유산,전주기상대(146),35.8942,127.7731,658,,,,
735,2015.07.13,2015.10.27,덕유산,전주기상대(146),35.9008,127.7755,599.27,,,,
735,2003.07.01,2015.07.13,덕유산,추풍령지역기상서비스센터(135),35.9008,127.7755,599.27,,,,
735,1992.12.07,2003.07.01,덕유산,전주기상대(146),35.9037,127.7711,645,,,,
736,2017.08.25,~,진봉,전주기상대(146),35.8468,126.784,6,,,,
736,2015.07.13,2017.08.25,진봉,전주기상대(146),35.8468,126.784,6,,,,
736,2011.10.31,2015.07.13,진봉,군산기상대(140),35.8468,126.784,6,,,,
736,1991.11.29,2011.10.31,진봉,군산기상대(140),35.870,126.750,14,,,,
737,2015.07.13,~,김제,전주기상대(146),35.8092,126.8778,51,,,,
737,2011.12.07,2015.07.13,김제,군산기상대(140),35.8092,126.8778,51,,,,
737,1992.11.09,2011.12.07,김제,군산기상대(140),35.7943,126.8769,26.83,,,,
738,2015.07.13,~,줄포,전주기상대(146),35.6094,126.7108,9.7,,,,
738,2011.10.21,2015.07.13,줄포,고창기상대(172),35.6094,126.7108,9.7,,,,
738,1992.11.09,2011.10.21,줄포,고창기상대(미사용 251),35.5904,126.6775,11.92,,,,
739,2015.07.13,~,심원,전주기상대(146),35.5225,126.5467,9,,,,
739,2011.12.05,2015.07.13,심원,고창기상대(172),35.5225,126.5467,9,,,,
739,1992.12.07,2011.12.05,월산,고창기상대(미사용 251),35.5243,126.5511,18.27,,,,
741,2013.12.28,~,화순,광주지방기상청(156),35.0568,126.9843,93.91,,,,
741,2007.08.21,2013.12.27,화순,광주지방기상청(156),35.0592,126.9841,78.03,,,,
741,1992.12.07,2007.08.21,화순,광주지방기상청(156),35.050,126.980,72,,,,
742,2014.12.10,~,운남,목포기상대(165),34.9389,126.3306,10.9,,,,
742,2007.09.13,2014.12.10,운남,목포기상대(165),34.9626,126.3432,26.29,,,,
742,2000.09.01,2007.09.13,운남,목포기상대(165),34.950,126.350,25,,,,
742,1992.11.07,2000.09.01,운남,무안기상대(미사용 164),34.950,126.350,20,,,,
743,2017.08.25,~,비금,목포기상대(165),34.7726,125.9469,8.2,,,,
743,2015.05.28,2017.08.25,비금,목포기상대(165),34.7734,125.946,8,,,,
743,2011.11.09,2015.05.28,비금,목포기상대(165),34.7741,125.9464,10,,,,
743,1992.10.13,2011.11.09,비금,목포기상대(165),34.7555,125.9266,17.39,,,,
744,2015.07.13,~,산이,목포기상대(165),34.6725,126.4364,1,,,,
744,2014.12.13,2015.07.13,산이,진도기상대(175),34.6725,126.4364,1,,,,
744,1993.09.15,2014.12.13,화원,진도기상대(175),34.6709,126.3276,15.34,,,,
745,2015.07.13,~,성전,목포기상대(165),34.6998,126.7048,80,,,,
745,2012.09.19,2015.07.13,성전,완도기상대(170),34.6998,126.7048,80,,,,
745,2003.03.24,2012.09.19,강진,완도기상대(170),34.6352,126.7728,20.12,,,,
745,1992.11.06,2003.03.24,강진,완도기상대(170),34.6383,126.7608,49,,,,
746,2015.07.13,~,땅끝,목포기상대(165),34.382,126.5159,9,,,,
746,2012.11.30,2015.07.13,땅끝,완도기상대(170),34.382,126.5159,9,,,,
746,2003.03.10,2012.11.30,땅끝,완도기상대(170),34.3695,126.5169,14.48,,,,
746,1999.06.30,2003.03.10,땅끝,완도기상대(170),34.295,126.5278,13,,,,
746,1999.03.08,1999.06.30,갈두,완도기상대(170),34.300,126.5333,13,,,,
746,1997.04.01,1999.03.08,갈두,완도기상대(170),34.300,126.5333,13,,,,
746,1992.11.07,1997.04.01,마삭도,완도기상대(170),34.500,126.870,13,,,,
747,2015.07.13,~,청산도,목포기상대(165),34.1834,126.8585,26,,,,
747,2011.10.20,2015.07.13,청산도,완도기상대(170),34.1834,126.8585,26,,,,
747,1992.11.08,2011.10.19,청산도,완도기상대(170),34.1799,126.859,19.62,,,,
748,2011.11.17,~,벌교,여수기상대(168),34.837,127.363,1.6,,,,
748,2007.09.12,2011.11.17,벌교,여수기상대(168),34.8493,127.3592,43.26,,,,
748,1998.05.21,2007.09.12,벌교,여수기상대(168),34.830,127.350,26,,,,
748,1992.12.07,1998.05.21,벌교,완도기상대(170),34.830,127.350,12,,,,
749,2017.08.25,~,도양,여수기상대(168),34.5347,127.1272,29.3,,,,
749,2011.12.14,2017.08.25,도양,여수기상대(168),34.5348,127.1272,24.8,,,,
749,2007.08.09,2011.12.14,도양,여수기상대(168),34.5295,127.1386,10.4,,,,
749,1992.12.07,2007.08.09,도양,여수기상대(168),34.530,127.130,11,,,,
750,1992.12.07,~,백야,여수기상대(168),34.6308,127.6256,34.87,,,,
751,2014.09.25,~,선흘,제주지방기상청(184),33.4822,126.7089,252,,,,
751,1991.10.24,2014.09.25,선흘,제주지방기상청(184),33.4585,126.7119,340.6,,,,
752,2015.07.13,~,서광,제주지방기상청(184),33.3046,126.306,187,,,,
752,2013.12.03,2015.07.13,서광,고산지역기상서비스센터(185),33.3046,126.3111,187,,,,
752,1992.11.30,2013.12.03,서광,고산지역기상서비스센터(185),33.285,126.3022,143.5,,,,
753,2012.11.06,~,어리목,제주지방기상청(184),33.3931,126.496,965.2,,,,
753,1992.11.30,2012.11.06,어리목,제주지방기상청(184),33.3921,126.4941,968.28,,,,
754,2015.07.13,~,함평,광주지방기상청(156),35.0602,126.5264,11,,,,
754,2010.12.10,2015.07.13,함평,고창기상대(172),35.0602,126.5264,11,,,,
754,2010.10.05,2010.12.10,함평,고창기상대(미사용 251),35.064,126.523,21,,,,
754,2007.08.31,2010.10.05,함평,목포기상대(165),35.0635,126.5225,21,,,,
754,2000.09.01,2007.08.31,함평,목포기상대(165),35.0635,126.5225,21,,,,
754,1993.03.26,2000.09.01,함평,무안기상대(미사용 164),35.0635,126.5225,23,,,,
755,2010.12.01,~,화순북,광주지방기상청(156),35.1594,127.0853,190.4,,,,
755,1992.12.12,2010.12.01,화순북,광주지방기상청(156),35.170,127.130,253,,,,
756,2015.07.13,~,위도,전주기상대(146),35.6015,126.2819,17,,,,
756,2012.11.30,2015.07.13,위도,고창기상대(172),35.6015,126.2819,17,,,,
756,1993.10.05,2012.11.30,위도,고창기상대(172),35.6028,126.2931,16.84,,,,
757,2016.08.01,~,진안주천,전주기상대(146),35.9744,127.436,259.02,,,,
757,2015.12.23,2016.08.01,주천,전주기상대(146),35.9744,127.436,259.02,,,,
757,2010.12.03,2015.12.23,주천,전주기상대(146),35.9744,127.436,259.02,,,,
757,2007.07.20,2010.12.03,주천,전주기상대(146),35.9715,127.4254,284,,,,
757,1993.11.13,2007.07.20,주양,전주기상대(146),35.9715,127.4254,284,,,,
758,2010.07.26,~,동향,전주기상대(146),35.8352,127.5712,320.16,,,,
758,2007.07.24,2010.07.26,동향,전주기상대(146),35.8355,127.5682,325,,,,
758,1993.11.13,2007.07.24,동향,전주기상대(146),35.8355,127.5682,325,,,,
759,2015.07.13,~,뱀사골,전주기상대(146),35.3716,127.5783,480.56,,,,
759,2009.05.25,2015.07.13,뱀사골,남원기상대(247),35.3716,127.5783,480.56,,,,
759,2007.08.02,2009.05.25,뱀사골,남원기상대(247),35.370,127.600,463,,,,
759,1993.11.13,2007.08.02,뱀사골,전주기상대(146),35.370,127.600,463,,,,
760,2015.07.13,~,복흥,전주기상대(146),35.4274,126.9327,286.25,,,,
760,2011.11.28,2015.07.13,복흥,정읍기상대(245),35.4274,126.9327,286.25,,,,
760,2007.08.01,2011.11.28,복흥,정읍기상대(245),35.4321,126.9298,292.58,,,,
760,1993.11.13,2007.08.01,복흥,전주기상대(146),35.430,126.930,297,,,,
761,2015.07.13,~,태인,전주기상대(146),35.6508,126.9346,13.53,,,,
761,2011.12.13,2015.07.13,태인,정읍기상대(245),35.6508,126.9346,13.53,,,,
761,2007.07.25,2011.12.13,태인,정읍기상대(245),35.6507,126.9325,20.44,,,,
761,1998.10.15,2007.07.25,태인,전주기상대(146),35.647,126.8863,17,,,,
761,1993.11.13,1998.10.15,태인,전주기상대(146),35.630,126.950,57,,,,
762,2015.12.24,~,강진면,전주기상대(146),35.5198,127.1261,169.02,,,,
762,2015.07.13,2015.12.24,강진면,전주기상대(146),35.5198,127.1261,169.02,,,,
762,2011.12.14,2015.07.13,강진면,정읍기상대(245),35.5198,127.1261,169.02,,,,
762,2007.08.01,2011.12.14,강진면,정읍기상대(245),35.5424,127.1116,232.32,,,,
762,1993.11.13,2007.08.01,섬진댐,전주기상대(146),35.5388,127.1136,228,,,,
763,2009.12.08,~,여산,전주기상대(146),36.0592,127.062,35.86,,,,
763,2007.07.18,2009.12.08,여산,전주기상대(146),36.050,127.070,52,,,,
763,1993.11.13,2007.07.18,여산,전주기상대(146),36.050,127.070,52,,,,
764,2015.07.13,~,신덕,전주기상대(146),35.6736,127.1414,218.9,,,,
764,2013.12.13,2015.07.13,신덕,정읍기상대(245),35.6736,127.1414,218.9,,,,
764,2007.07.26,2013.12.13,신덕,정읍기상대(245),35.684,127.1783,235.25,,,,
764,1993.11.13,2007.07.26,신덕,전주기상대(146),35.6811,127.1849,228,,,,
765,2015.07.13,~,복내,광주지방기상청(156),34.8924,127.1345,116.35,,,,
765,2012.10.12,2015.07.13,복내,순천기상대(174),34.8924,127.1345,116.35,,,,
765,2007.08.18,2012.10.12,문덕,순천기상대(174),34.9293,127.1724,129.58,,,,
765,1998.05.21,2007.08.18,문덕,여수기상대(168),34.930,127.170,115,,,,
765,1993.11.13,1998.05.21,문덕,완도기상대(170),34.930,127.170,125,,,,
766,2013.10.01,~,여수산단,여수기상대(168),34.8495,127.715,67.45,,,,
766,2010.12.10,2013.10.01,여천(공),여수기상대(168),34.8495,127.715,67.45,,,,
766,1993.11.13,2010.12.10,여천(공),여수기상대(168),34.850,127.720,14,,,,
767,2012.12.18,~,포두,여수기상대(168),34.5886,127.3975,12,,,,
767,2007.08.10,2012.12.18,영남,여수기상대(168),34.602,127.4559,14.51,,,,
767,1993.11.13,2007.08.10,영남,여수기상대(168),34.600,127.450,22,,,,
768,2015.07.13,~,곡성,광주지방기상청(156),35.289,127.289,100,,,,
768,2010.11.29,2015.07.13,곡성,남원기상대(247),35.289,127.289,100,,,,
768,1993.11.13,2010.11.29,곡성,남원기상대(247),35.2802,127.2908,81,,,,
769,2015.07.13,~,염산,광주지방기상청(156),35.1993,126.3834,3.25,,,,
769,2013.12.16,2015.07.13,염산,고창기상대(172),35.1993,126.3834,3.25,,,,
769,2007.08.29,2013.12.16,염산,고창기상대(172),35.2179,126.3718,15.21,,,,
769,2000.09.01,2007.08.29,염산,광주지방기상청(156),35.2159,126.3729,16,,,,
769,1993.11.13,2000.09.01,염산,무안기상대(미사용 164),35.2159,126.3729,12,,,,
770,2012.11.28,~,다도,광주지방기상청(156),34.9474,126.8278,73.27,,,,
770,2007.08.27,2012.11.28,다도,광주지방기상청(156),34.9473,126.8275,80.62,,,,
770,1993.11.13,2007.08.27,다도,광주지방기상청(156),34.930,126.830,70,,,,
771,2012.11.30,~,안좌,목포기상대(165),34.7269,126.1446,3.61,,,,
771,2007.10.18,2012.11.30,안좌,목포기상대(165),34.7561,126.1246,33.09,,,,
771,1993.10.06,2007.10.18,안좌,목포기상대(165),34.750,126.120,32,,,,
772,2015.07.13,~,수유,목포기상대(165),34.5319,126.2394,1,,,,
772,2013.12.17,2015.07.13,수유,진도기상대(175),34.5319,126.2394,1,,,,
772,2007.09.06,2013.12.17,고군,진도기상대(175),34.4906,126.343,43.2,,,,
772,2002.01.29,2007.09.06,고군,진도기상대(175),34.4858,126.3454,36,,,,
772,1998.05.18,2002.01.29,고군,목포기상대(165),34.4858,126.3454,30,,,,
772,1993.10.06,1998.05.18,고군,완도기상대(170),34.4858,126.3454,30,,,,
773,2013.11.13,~,학산,목포기상대(165),34.7086,126.636,99.07,,,,
773,1993.10.06,2013.11.13,미암,목포기상대(165),34.6993,126.5718,16.9,,,,
774,2013.06.26,~,전남도청,목포기상대(165),34.8175,126.4662,10.76,,,,
774,2000.09.01,2013.06.26,몽탄,목포기상대(165),34.9308,126.5021,17.84,,,,
774,1993.10.07,2000.09.01,몽탄,무안기상대(미사용 164),34.930,126.500,11,,,,
775,2015.12.24,~,월야,광주지방기상청(156),35.1775,126.6447,38.1,,,,
775,2015.07.28,2015.12.24,월야,광주지방기상청(156),35.1775,126.6447,38.1,,,,
775,2015.07.13,2015.07.28,월야,광주지방기상청(156),35.1801,126.6322,51.65,,,,
775,2000.09.01,2015.07.13,월야,고창기상대(172),35.1801,126.6322,51.65,,,,
775,1993.10.07,2000.09.01,월야,무안기상대(미사용 164),35.1785,126.6346,50,,,,
776,2015.07.31,~,현산,목포기상대(165),34.4667,126.5531,22.1,,,,
776,2015.07.13,2015.07.31,현산,여수기상대(168),34.4602,126.5534,22.64,,,,
776,1993.10.05,2015.07.13,현산,완도기상대(170),34.4602,126.5534,22.64,,,,
777,2015.12.21,~,관산,목포기상대(165),34.5564,126.9347,37.1,,,,
777,2015.07.13,2015.12.21,대덕,목포기상대(165),34.4994,126.8883,19.86,,,,
777,1993.10.04,2015.07.13,대덕,완도기상대(170),34.4994,126.8883,19.86,,,,
778,2015.07.13,~,유치,목포기상대(165),34.796,126.8218,94,,,,
778,2010.09.16,2015.07.13,유치,완도기상대(170),34.796,126.8218,94,,,,
778,1993.09.23,2010.09.16,유치,완도기상대(170),34.780,126.880,82,,,,
779,2016.11.09,~,한림,제주지방기상청(184),33.3926,126.2582,40.68,,,,
779,2015.07.13,2016.11.09,한림,제주지방기상청(184),33.4105,126.2673,21.63,,,,
779,1994.12.01,2015.07.13,한림,고산지역기상서비스센터(185),33.4105,126.2673,21.63,,,,
780,2016.08.01,~,제주남원,제주지방기상청(184),33.2771,126.7043,26.45,,,,
780,2015.07.13,2016.08.01,남원,제주지방기상청(184),33.280,126.7208,17.22,,,,
780,1993.10.19,2015.07.13,남원,서귀포지역기상서비스센터(189),33.280,126.7208,17.22,,,,
781,2015.07.13,~,구좌,제주지방기상청(184),33.5199,126.8777,18,,,,
781,2013.11.30,2015.07.13,구좌,성산지역기상서비스센터(188),33.5199,126.8777,18,,,,
781,1997.04.24,2013.11.30,구좌,성산지역기상서비스센터(188),33.5226,126.8519,18.4,,,,
781,1993.10.21,1997.04.24,구좌,제주지방기상청(184),33.550,126.750,7,,,,
782,2012.12.26,~,성판악,제주지방기상청(184),33.3852,126.6195,760.28,,,,
782,1998.05.14,2012.12.26,성판악,제주지방기상청(184),33.3845,126.6194,757.42,,,,
783,2008.12.19,~,과기원,광주지방기상청(156),35.2303,126.8408,32.37,,,,
783,1995.02.03,2008.12.19,하남공,광주지방기상청(156),35.190,126.810,37,,,,
784,2014.12.12,~,시종,목포기상대(165),34.8771,126.6126,20.2,,,,
784,1994.12.28,2014.12.12,시종,목포기상대(165),34.8686,126.6071,17.43,,,,
785,2015.07.13,~,북일,목포기상대(165),34.4731,126.6827,22,,,,
785,2013.12.19,2015.07.13,북일,완도기상대(170),34.4731,126.6827,22,,,,
785,1992.11.08,2013.12.18,북일,완도기상대(170),34.4642,126.6761,21.06,,,,
786,2017.08.25,~,돌산,여수기상대(168),34.6032,127.7399,10.7,,,,
786,1995.02.03,2017.08.25,돌산,여수기상대(168),34.620,127.720,8,,,,
787,2007.08.08,~,도화,여수기상대(168),34.4522,127.3325,140.21,,,,
787,1995.02.02,2007.08.08,도화,여수기상대(168),34.445,127.3306,137,,,,
788,2016.11.09,~,풍암,광주지방기상청(156),35.1316,126.8813,62.7,,,,
788,2007.08.30,2016.11.09,풍암 *,광주지방기상청(156),35.1343,126.8771,62.99,,,,
788,2002.04.02,2007.08.30,풍암,광주지방기상청(156),35.1313,126.879,62,,,,
788,1994.12.06,2002.04.02,무등산,광주지방기상청(156),35.130,127.000,380,,,,
789,2015.12.24,~,압해도,목포기상대(165),34.8764,126.2933,12,,,,
789,2011.11.15,2015.12.24,압해도,목포기상대(165),34.8764,126.2933,12,,,,
789,2007.10.16,2011.11.15,압해도,목포기상대(165),34.8657,126.3126,24.36,,,,
789,1998.03.09,2007.10.16,압해도,목포기상대(165),34.8833,126.3167,25,,,,
790,2013.12.03,~,나로도,여수기상대(168),34.5326,127.4674,136,,,,
790,2001.01.05,2013.12.03,나로도,여수기상대(168),34.4143,127.490,126.77,,,,
790,1998.03.26,2001.01.05,나로도,여수기상대(168),34.4833,127.4667,50,,,,
791,2015.07.13,~,피아골,광주지방기상청(156),35.2662,127.5838,413.25,,,,
791,2006.03.30,2015.07.13,피아골,순천기상대(174),35.2662,127.5838,413.25,,,,
791,1998.09.28,2006.03.10,피아골,여수기상대(168),35.2667,127.5833,411,,,,
792,2016.09.01,~,표선,제주지방기상청(184),33.3536,126.8168,77.2,,,,
792,2015.07.13,2016.09.01,표선면,제주지방기상청(184),33.3536,126.8168,77.2,,,,
792,2009.06.17,2015.07.13,표선면,성산지역기상서비스센터(188),33.3536,126.8168,77.2,,,,
792,2004.11.03,2009.06.17,가시,성산지역기상서비스센터(188),33.350,126.7667,113,,,,
792,2001.12.28,2004.11.03,가시,제주지방기상청(184),33.350,126.7667,100,,,,
792,1999.06.18,2001.12.28,가시,제주지방기상청(184),33.3506,126.7737,120,,,,
793,2016.11.03,~,대정,제주지방기상청(184),33.241,126.2262,2.7,,,,
793,2015.07.13,2016.11.03,모슬포,제주지방기상청(184),33.2167,126.250,11.36,,,,
793,1999.01.13,2015.07.13,모슬포,고산지역기상서비스센터(185),33.2167,126.250,11.36,,,,
794,2016.06.17,~,황전,광주지방기상청(156),35.1007,127.4273,71.3,,,,
794,2015.07.13,2016.06.17,황전,광주지방기상청(156),35.1014,127.4271,79.58,,,,
794,2004.10.30,2015.07.13,황전,순천기상대(174),35.1014,127.4271,79.58,,,,
794,1999.06.19,2004.10.30,황전,여수기상대(168),35.100,127.4333,97,,,,
795,2017.08.25,~,옥과,광주지방기상청(156),35.2753,127.139,87.6,,,,
795,2015.07.13,2017.08.25,옥과,광주지방기상청(156),35.2753,127.139,83.9,,,,
795,2011.12.13,2015.07.13,옥과,남원기상대(247),35.2753,127.139,83.9,,,,
795,2004.10.30,2011.12.13,죽학,순천기상대(174),34.9908,127.3625,120.52,,,,
795,1999.06.05,2004.10.30,죽학,여수기상대(168),34.9833,127.3667,175,,,,
796,2004.10.30,~,초도,여수기상대(168),34.2378,127.2448,38,,,,
796,1999.06.11,2004.10.30,초도,여수기상대(168),34.2333,127.250,35,,,,
797,2004.11.17,~,하태도,흑산도기상대(169),34.395,125.2995,35.63,,,,
797,1999.06.18,2004.11.17,하태도,흑산도기상대(169),34.3833,125.300,50,,,,
798,1999.06.14,~,홍도,흑산도기상대(169),34.6667,125.1833,22,,,,
799,2015.07.13,~,낙월도,광주지방기상청(156),35.2022,126.1376,12.02,,,,
799,2004.11.17,2015.07.13,낙월도,고창기상대(172),35.2022,126.1376,12.02,,,,
799,2000.09.01,2004.11.17,낙월도,광주지방기상청(156),35.200,126.1333,12,,,,
799,1999.06.11,2000.09.01,낙월도,무안기상대(미사용 164),35.200,126.1333,12,,,,
800,2015.07.13,~,후포,안동기상대(136),36.6667,129.431,11,,,,
800,2011.12.16,2015.07.13,후포,울진기상대(130),36.6667,129.431,11,,,,
800,1991.12.17,2011.12.20,후포,울진기상대(130),36.6809,129.4622,59.22,,,,
801,2015.07.13,~,영양,안동기상대(136),36.625,129.088,215,,,,
801,2013.12.24,2015.07.13,영양,울진기상대(130),36.625,129.088,215,,,,
801,2005.11.21,2013.12.24,영양,울진기상대(130),36.667,129.1121,248.37,,,,
801,1990.04.02,2005.11.21,영양,안동기상대(136),36.700,129.070,250,,,,
802,2015.07.13,~,온정,안동기상대(136),36.7574,129.3401,141.2,,,,
802,2014.07.30,2015.07.13,온정,울진기상대(130),36.7574,129.3401,141.2,,,,
802,2002.12.13,2014.07.30,온정,울진기상대(130),36.7241,129.3455,144.4,,,,
802,1990.04.02,2001.09.07,상주,안동기상대(136),36.420,128.170,80,,,,
803,2012.12.05,~,옥산,안동기상대(136),36.394,128.8115,215,,,,
803,2011.03.11,2012.12.05,송생,안동기상대(136),36.3914,129.0795,208.73,,,,
803,2007.07.31,2011.03.10,청송,안동기상대(136),36.420,129.070,210,,,,
803,1998.07.01,2007.07.31,청송,안동기상대(136),36.420,129.070,210,,,,
803,1990.04.02,1998.07.01,청송,울진기상대(130),36.420,129.070,180,,,,
804,2016.12.21,~,청하,포항기상대(138),36.1906,129.3392,65.5,,,,
804,1990.08.27,2016.12.21,청하,포항기상대(138),36.1996,129.338,59.93,,,,
805,2014.08.27,~,죽장,포항기상대(138),36.1793,129.0943,227.04,,,,
805,1990.07.04,2014.08.26,죽장,포항기상대(138),36.1602,129.0958,223.38,,,,
806,2017.08.25,~,선산,대구(구 143),36.2334,128.2903,68.8,,,,
806,2015.07.13,2017.08.25,선산,대구(구 143),36.2334,128.2903,38.37,,,,
806,1990.06.30,2015.07.13,선산,구미기상대(279),36.2334,128.2903,38.37,,,,
807,2017.08.25,~,의흥,대구(구 143),36.1797,128.6932,113.2,,,,
807,2015.07.13,2017.08.25,의흥,대구(구 143),36.1794,128.6931,112,,,,
807,2012.09.07,2015.07.13,의흥,구미기상대(279),36.1794,128.6931,112,,,,
807,2010.11.19,2012.09.07,의흥,구미기상대(279),36.1759,128.7151,128.72,,,,
807,1998.07.01,2010.11.19,의흥,구미기상대(279),36.172,128.7261,129,,,,
807,1991.03.08,1998.07.01,의흥,안동기상대(136),36.172,128.7261,124,,,,
808,2012.11.23,~,호미곶,포항기상대(138),36.0759,129.5667,11,,,,
808,1990.09.11,2012.11.23,호미곶,포항기상대(138),36.0774,129.5694,9.38,,,,
809,2017.08.25,~,대덕,대구(구 143),35.9354,127.9792,232.5,,,,
809,2016.12.21,2017.08.25,대덕,대구(구 143),35.9354,127.9792,233.4,,,,
809,2015.07.13,2016.12.21,대덕,대구(구 143),35.9179,127.9689,235.7,,,,
809,1990.06.29,2015.07.13,대덕,구미기상대(279),35.9179,127.9689,235.7,,,,
810,2017.08.25,~,성주,대구(구 143),35.9255,128.2985,36.6,,,,
810,2015.07.13,2017.08.25,성주,대구(구 143),35.9253,128.2978,33,,,,
810,2012.09.05,2015.07.13,성주,구미기상대(279),35.9253,128.2978,33,,,,
810,2010.07.20,2012.09.04,성주,구미기상대(279),35.9151,128.2537,48.28,,,,
810,1990.06.29,2010.07.20,성주,구미기상대(279),35.930,128.280,49,,,,
811,2011.03.11,~,황성,포항기상대(138),35.863,129.2093,33.58,,,,
811,2010.12.14,2011.03.10,경주,포항기상대(138),35.863,129.2093,33.58,,,,
811,2000.03.03,2010.12.14,경주,포항기상대(138),35.850,129.2167,51,,,,
811,1990.08.13,2000.03.03,경주,포항기상대(138),35.8636,129.2268,28,,,,
812,2005.11.07,~,고령,대구(구 143),35.696,128.2821,41.45,,,,
812,1998.07.01,2005.11.07,고령,대구(구 143),35.730,128.270,50,,,,
812,1990.06.28,1998.07.01,고령,진주기상대(192),35.730,128.270,50,,,,
813,2009.11.11,~,청도,대구(구 143),35.6541,128.7318,76.29,,,10.000,
813,1990.06.28,2009.11.11,청도,대구(구 143),35.650,128.730,88,,,,
814,2012.11.21,~,부석,안동기상대(136),36.9792,128.6611,300,,,,
814,1991.10.12,2012.11.21,부석,안동기상대(136),36.9789,128.6541,294.44,,,,
815,2015.07.13,~,예천,대구(구 143),36.660,128.4644,100.89,,,,
815,1991.10.10,2015.07.13,예천,상주기상대(137),36.660,128.4644,100.89,,,,
816,2011.10.12,~,구룡포,포항기상대(138),35.9831,129.5475,42.37,,,,
816,1991.11.02,2011.10.12,장기,포항기상대(138),35.8959,129.4932,23.47,,,,
817,2015.07.13,~,수비,안동기상대(136),36.7827,129.2214,390,,,,
817,2012.12.31,2015.07.13,수비,울진기상대(130),36.7827,129.2214,390,,,,
817,1998.07.01,2012.12.27,수비,울진기상대(130),36.7655,129.210,415,,,,
817,1992.11.03,1998.07.01,수비,안동기상대(136),36.7655,129.210,440,,,,
818,2015.07.13,~,마성,대구(구 143),36.7074,128.1476,230,,,,
818,2012.07.09,2015.07.13,마성,상주기상대(137),36.7074,128.1476,230,,,,
818,2007.08.10,2012.07.09,문경읍,상주기상대(137),36.7373,128.1069,181.18,,,,
818,1992.11.07,2007.08.10,문경읍,상주기상대(137),36.7309,128.1114,183,,,,
819,2011.09.21,~,예안,안동기상대(136),36.6589,128.8864,207,,,,
819,2007.08.07,2011.09.21,예안,안동기상대(136),36.6613,128.8852,210.92,,,,
819,1992.11.03,2007.08.07,예안,안동기상대(136),36.6605,128.8884,212,,,,
820,2012.11.20,~,하회,안동기상대(136),36.5481,128.5267,77,,,,
820,2007.07.27,2012.11.20,풍천,안동기상대(136),36.5562,128.5065,92.92,,,,
820,1992.11.03,2007.07.27,풍천,안동기상대(136),36.5538,128.5086,93,,,,
821,2015.07.13,~,공성,대구(구 143),36.2819,128.0739,94,,,,
821,2011.07.02,2015.07.13,공성,상주기상대(137),36.2819,128.0739,94,,,,
821,2007.08.14,2011.07.02,공성,상주기상대(137),36.2835,128.0925,95.9,,,,
821,2002.12.02,2007.08.14,옥산,상주기상대(137),36.280,128.100,96,,,,
821,1992.11.03,2002.12.02,옥산,안동기상대(136),36.280,128.100,80,,,,
822,2015.07.13,~,김천,대구(구 143),36.0813,128.1016,83.32,,,,
822,2010.06.29,2015.07.13,김천,구미기상대(279),36.0813,128.1016,83.32,,,,
822,2007.08.16,2010.06.28,김천,구미기상대(279),36.130,128.130,72,,,,
822,1992.10.26,2007.08.16,김천,상주기상대(137),36.130,128.130,72,,,,
823,2015.07.13,~,군위,대구(구 143),36.2493,128.5558,82.41,,,,
823,2010.07.29,2015.07.13,군위,구미기상대(279),36.2493,128.5558,82.41,,,,
823,2007.07.25,2010.07.29,군위,구미기상대(279),36.230,128.570,101,,,,
823,1992.12.07,2007.07.25,군위,안동기상대(136),36.230,128.570,101,,,,
824,2015.07.13,~,가산,대구(구 143),36.0956,128.5001,116,,,,
824,2014.09.19,2015.07.13,가산,구미기상대(279),36.0956,128.5001,116,,,,
824,2007.08.20,2014.09.19,가산,구미기상대(279),36.086,128.539,121.63,,,,
824,1992.11.05,2007.08.20,가산,구미기상대(279),36.0831,128.544,120,,,,
825,2015.07.13,~,칠곡,대구(구 143),36.0368,128.3835,29.43,,,,
825,2010.12.09,2015.07.13,칠곡,구미기상대(279),36.0368,128.3835,29.43,,,,
825,2007.08.17,2010.12.09,칠곡,구미기상대(279),36.0386,128.3833,27.63,,,,
825,1992.11.04,2007.08.17,약목,대구(구 143),35.890,128.400,28,,,,
826,2011.07.01,~,신령,포항기상대(138),36.0441,128.7923,126.24,,,,
826,2007.08.24,2011.06.30,신령,포항기상대(138),36.0454,128.7896,137.06,,,,
826,1992.11.04,2007.08.24,신령,대구(구 143),36.0414,128.7932,122,,,,
827,2012.12.04,~,경산,대구(구 143),35.8242,128.7428,63,,,,
827,2007.08.22,2012.12.04,경산,대구(구 143),35.8251,128.7416,77.09,,,,
827,1997.08.22,2007.08.22,경산,대구(구 143),35.8167,128.7333,78,,,,
827,1992.11.05,1997.08.22,경산,대구(구 143),35.8163,128.7394,60,,,,
828,2017.08.25,~,달성,대구(구 143),35.6902,128.4238,24.2,,,,
828,2015.12.24,2017.08.25,달성,대구(구 143),35.6906,128.4233,17,,,,
828,2011.12.13,2015.12.24,달성,대구(구 143),35.6906,128.4233,17,,,,
828,2007.08.27,2011.12.13,달성,대구(구 143),35.6973,128.4476,36.1,,,,
828,1992.11.04,2007.08.27,현풍,대구(구 143),35.700,128.450,36,,,,
829,2012.05.03,~,외동,포항기상대(138),35.7121,129.3182,73,,,,
829,1992.11.12,2012.05.03,외동,포항기상대(138),35.7176,129.3271,107.73,,,,
830,2013.05.30,~,기계,포항기상대(138),36.0682,129.1994,45,,,,
830,1993.05.06,2013.05.30,기계,포항기상대(138),36.0706,129.2064,53.58,,,,
831,2015.07.13,~,석포,안동기상대(136),37.0401,128.9976,674,,,,
831,2011.12.21,2015.07.13,석포,울진기상대(130),37.0401,128.9976,674,,,,
831,2007.07.20,2011.12.21,석포,울진기상대(130),37.0486,129.0651,495.76,,,,
831,1998.07.01,2007.07.20,석포,울진기상대(130),37.0435,129.0697,496,,,,
831,1993.09.15,1998.07.01,석포,안동기상대(136),37.0435,129.0697,550,,,,
832,2013.11.24,~,안계,안동기상대(136),36.3869,128.4397,61,,,,
832,2011.08.23,2013.11.23,안계,안동기상대(136),36.3869,128.4397,61,,,,
832,2007.07.27,2011.08.22,안계,안동기상대(136),36.3839,128.4401,61.29,,,,
832,1993.09.10,2007.07.27,안계,안동기상대(136),36.380,128.430,61,,,,
833,2015.07.13,~,은척,대구(구 143),36.5382,128.0419,176,,,,
833,2013.11.13,2015.07.13,은척,상주기상대(137),36.5382,128.0419,176,,,,
833,2007.08.13,2013.11.06,농암,상주기상대(137),36.6008,128.0037,188.55,,,,
833,1993.09.21,2007.08.13,농암,상주기상대(137),36.599,128.0034,188,,,,
834,2017.08.25,~,화서,대구(구 143),36.4412,127.9442,285.6,,,,
834,2015.07.13,2017.08.25,화서,대구(구 143),36.4412,127.9344,300,,,,
834,2011.10.18,2015.07.13,화서,상주기상대(137),36.4412,127.9344,300,,,,
834,2007.08.15,2011.10.18,화서,상주기상대(137),36.4455,127.9515,304.32,,,,
834,2002.12.02,2007.08.15,화서,상주기상대(137),36.4458,127.9519,302,,,,
834,1993.09.09,2002.12.02,화서,안동기상대(136),36.4458,127.9519,265,,,,
835,2015.07.13,~,봉화읍,안동기상대(136),36.8701,128.7535,301.45,,,,
835,2010.07.07,2015.07.13,봉화읍,울진기상대(130),36.8701,128.7535,301.45,,,,
835,2007.07.21,2010.07.07,봉화읍,울진기상대(130),36.880,128.730,203,,,,
835,1993.09.16,2007.07.21,봉화읍,안동기상대(136),36.880,128.730,203,,,,
836,2013.12.09,~,현서,안동기상대(136),36.2803,128.8988,326,,,,
836,2011.11.02,2013.12.08,현서,안동기상대(136),36.2803,128.8988,326,,,,
836,2007.07.30,2011.11.02,현서,안동기상대(136),36.2759,128.8959,325.71,,,,
836,1998.07.01,2007.07.30,현서,안동기상대(136),36.2717,128.8999,326,,,,
836,1993.09.22,1998.07.01,현서,울진기상대(130),36.2717,128.8999,320,,,,
837,2010.11.23,~,이산,안동기상대(136),36.8268,128.6429,188.82,,,,
837,2007.08.08,2010.11.23,문수,안동기상대(136),36.7692,128.630,135,,,,
837,1993.09.16,2007.08.08,문수,안동기상대(136),36.7692,128.630,135,,,,
838,2015.07.13,~,동로,대구(구 143),36.7905,128.2707,450,,,,
838,2012.07.10,2015.07.13,동로,상주기상대(137),36.7905,128.2707,450,,,,
838,2007.08.09,2012.07.10,동로,상주기상대(137),36.7734,128.3149,307.86,,,,
838,1993.09.24,2007.08.09,동로,상주기상대(137),36.7659,128.3184,308,,,,
839,2012.06.21,~,길안,안동기상대(136),36.4583,128.8956,130,,,,
839,2007.08.01,2012.06.21,길안,안동기상대(136),36.456,128.8944,137.18,,,,
839,1993.09.22,2007.08.01,길안,안동기상대(136),36.4558,128.9027,138,,,,
840,2012.11.27,~,하양,대구(구 143),35.9125,128.8144,71,,,,
840,2007.08.21,2012.11.27,하양,대구(구 143),35.9133,128.8194,67.83,,,,
840,1993.09.22,2007.08.21,하양,대구(구 143),35.9098,128.8231,63,,,,
841,2017.08.25,~,화북,포항기상대(138),36.0849,128.9111,136.5,,,,
841,2011.11.11,2017.08.25,화북,포항기상대(138),36.0849,128.9111,134.4,,,,
841,2007.08.23,2011.11.11,화북,포항기상대(138),36.1083,128.9194,167.77,,,,
841,1993.09.22,2007.08.23,화북,대구(구 143),36.1076,128.9224,162,,,,
842,2014.07.30,~,산내,포항기상대(138),35.7575,129.0109,170.1,,,,
842,1993.10.15,2014.07.30,산내,포항기상대(138),35.7576,129.0473,211.87,,,,
843,2015.11.20,~,금강송,안동기상대(136),36.9359,129.2501,226,,,,
843,2015.07.13,2015.11.20,울진서,안동기상대(136),36.9359,129.2501,226,,,,
843,2011.10.15,2015.07.13,울진서,울진기상대(130),36.9359,129.2501,226,,,,
843,1993.11.24,2011.10.15,울진서,울진기상대(130),36.9356,129.2472,244.08,,,,
844,2015.07.13,~,영덕읍,안동기상대(136),36.4354,129.3585,23,,,,
844,2011.09.18,2015.07.13,영덕읍,울진기상대(130),36.4354,129.3585,23,,,,
844,2007.10.02,2011.09.18,영덕읍,울진기상대(130),36.4346,129.3578,30.02,,,,
844,2003.10.06,2007.10.02,영덕읍,울진기상대(130),36.420,129.370,29,,,,
844,1998.08.04,2003.10.06,영덕읍,울진기상대(130),36.420,129.370,30,,,,
844,1993.11.24,1998.08.04,영덕읍,울진기상대(130),36.420,129.370,30,,,,
845,2015.11.13,~,대구북구,대구(구 143),35.9084,128.5907,28.05,,,,
845,2010.07.02,2015.11.13,수성,대구(구 143),35.868,128.6551,63.02,,,,
845,1995.03.20,2010.07.02,남구,대구(구 143),35.850,128.600,62,,,,
846,2017.08.25,~,서구,대구(구 143),35.8651,128.5309,79.1,,,,
846,2011.12.16,2017.08.25,서구,대구(구 143),35.865,128.531,65,,,,
846,1995.03.20,2011.12.16,서구,대구(구 143),35.8679,128.5442,62.77,,,,
847,2015.07.13,~,소보,대구(구 143),36.2763,128.4665,68.29,,,,
847,1995.02.03,2015.07.13,소보,구미기상대(279),36.2763,128.4665,68.29,,,,
848,2017.08.25,~,청도금천,대구(구 143),35.6792,128.8953,102.9,,,,
848,2016.08.01,2017.08.25,청도금천,대구(구 143),35.6791,128.8953,104,,,,
848,2011.12.09,2016.08.01,금천,대구(구 143),35.6791,128.8953,104,,,,
848,1994.12.22,2011.12.09,금천,대구(구 143),35.687,128.8922,99.9,,,,
849,2015.07.13,~,지보,대구(구 143),36.5468,128.387,80,,,,
849,2013.11.07,2015.07.13,지보,상주기상대(137),36.5468,128.387,80,,,,
849,1994.12.13,2013.11.05,풍양,상주기상대(137),36.5106,128.299,82.6,,,,
850,2011.12.16,~,감포,포항기상대(138),35.7846,129.4906,2.7,,,,
850,2000.03.03,2011.12.16,감포,포항기상대(138),35.8071,129.5012,25.18,,,,
850,2000.03.01,2000.03.03,감포,포항기상대(138),35.800,129.500,25,,,,
850,1994.12.15,2000.03.01,송대말,포항기상대(138),35.830,129.510,12,,,,
851,2015.07.13,~,소곡,안동기상대(136),37.0514,129.3521,75.15,,,,
851,2010.08.02,2015.07.13,소곡,울진기상대(130),37.0514,129.3521,75.15,,,,
851,2005.06.03,2010.08.01,하당,울진기상대(130),37.0372,129.3239,71,,,,
851,1994.12.18,2005.06.03,덕구,울진기상대(130),37.070,129.260,121,,,,
852,2015.07.13,~,죽변,안동기상대(136),37.0606,129.4258,40.95,,,10.000,
852,2007.11.13,2015.07.13,죽변,울진기상대(130),37.0606,129.4258,40.95,,,10.000,
852,2004.11.06,2007.11.12,죽변,울진기상대(130),37.050,129.4167,36,,,,
852,1999.06.02,2004.11.06,죽변,울진기상대(130),37.050,129.4167,33,,,,
853,2004.11.02,~,팔공산,대구(구 143),36.0182,128.6215,571.61,,,,
853,1999.06.18,2004.11.02,팔공산,대구(구 143),36.000,128.6167,780,,,,
854,2013.12.05,~,삼동,울산기상대(152),35.4954,129.1337,160,,,,
854,2001.11.15,2013.12.05,삼동,울산기상대(152),35.5239,129.1596,60.67,,,,
855,2016.11.10,~,가파도,제주지방기상청(184),33.1733,126.2683,3.5,,,,
855,2015.07.13,2016.11.10,가파도,제주지방기상청(184),33.1664,126.2735,12.19,,,,
855,2002.01.21,2015.07.13,가파도,고산지역기상서비스센터(185),33.1664,126.2735,12.19,,,,
856,2016.08.01,~,광양백운산,광주지방기상청(156),35.1018,127.5981,514.96,,,,
856,2015.07.13,2016.08.01,백운산,광주지방기상청(156),35.1018,127.5981,514.96,,,,
856,2013.12.26,2015.07.13,백운산,순천기상대(174),35.1018,127.5981,514.96,,,,
856,2002.12.20,2013.12.26,백운산,순천기상대(174),35.0836,127.6294,518,,,,
857,2015.07.13,~,완도읍,목포기상대(165),34.300,126.7173,4.43,,,,
857,2010.11.26,2015.07.13,완도읍,완도기상대(170),34.300,126.7173,4.43,,,,
857,2002.12.15,2010.11.26,완도읍,완도기상대(170),34.2975,126.6989,13,,,,
858,2015.07.13,~,지산,목포기상대(165),34.4296,126.170,37.5,,,,
858,2011.10.01,2015.07.13,지산,진도기상대(175),34.4296,126.170,37.5,,,,
858,2002.12.11,2011.10.01,심동리,진도기상대(175),34.4583,126.1175,214,,,,
859,2002.12.16,~,토함산,포항기상대(138),35.7613,129.3658,341.41,,,,
860,2015.06.12,~,신암,대구(구 143),35.8852,128.619,64.08,,,,
860,2002.03.05,2002.07.01,서울W,서울기상관측소(108),37.5667,126.8993,17.5,,,,
861,2015.12.01,~,월정,제주지방기상청(184),33.5615,126.7795,34,,,,
861,2002.10.25,2002.11.22,대이작,인천기상대(112),37.1667,126.2833,7,,,,
861,2002.03.05,2002.07.01,인천W,인천기상대(112),37.4322,126.6927,16.5,,,,
862,2016.09.01,~,김녕,제주지방기상청(184),33.5281,126.7692,110.5,,,,
862,2015.12.01,2016.09.01,만장굴,제주지방기상청(184),33.5279,126.7698,82,,,,
862,2002.03.05,2002.07.01,수원W,수도권기상청(119),37.2837,127.039,74.5,,,,
863,2015.12.01,~,외도,제주지방기상청(184),33.4769,126.4316,86.2,,,,
863,2002.03.05,2002.07.01,대전W,대전지방기상청(133),36.3572,127.3276,66.5,,,,
864,2015.07.01,~,완산,전주기상대(146),35.8215,127.155,53.4,,,18.400,
864,2002.03.05,2002.07.01,전주W,전주기상대(146),35.8651,127.0666,17,,,,
865,2016.11.05,~,오등,제주지방기상청(184),33.4613,126.5192,243.9,,,,
865,2015.12.01,2016.11.05,오등,제주지방기상청(184),33.4627,126.5191,210,,,,
865,2002.03.05,2002.07.01,광주W,광주지방기상청(156),35.1306,126.8769,45,,,,
866,2015.12.01,~,용강,제주지방기상청(184),33.4302,126.5978,618.3,,,,
866,2002.03.05,2002.07.01,대구W,대구(구 143),35.8267,128.6923,105.5,,,,
867,2015.12.01,~,삼각봉,제주지방기상청(184),33.3769,126.5305,1528,,,,
867,2002.03.05,2002.07.01,울산W,울산기상대(152),35.5323,129.2619,46,,,,
868,2015.12.01,~,사제비,제주지방기상청(184),33.376,126.498,1434,,,,
868,2002.03.05,2002.11.02,부산W,부산지방기상청(159),35.1871,129.0609,37.5,,,,
869,2015.12.01,~,영실,제주지방기상청(184),33.3483,126.4964,1260.2,,,,
869,2002.03.05,2002.07.01,서귀포W,제주지방기상청(184),33.243,126.5113,77,,,,
870,2010.11.22,~,진달래밭,제주지방기상청(184),33.3698,126.5557,1489.37,,,,
870,2010.08.20,2010.11.22,진달래밭,제주지방기상청(184),33.3833,126.550,1490,,,,
870,2002.12.16,2010.08.20,진달래밭,제주지방기상청(184),33.3833,126.550,1490,,,,
871,2010.12.02,~,윗세오름,제주지방기상청(184),33.3624,126.518,1668.26,,,,
871,2010.08.19,2010.12.02,윗세오름,제주지방기상청(184),33.3667,126.5167,1673,,,,
871,2002.12.16,2010.08.19,윗세오름,제주지방기상청(184),33.3667,126.5167,1673,,,,
872,2015.07.13,~,지리산,창원기상대(155),35.3191,127.7563,864.74,,,,
872,2010.11.28,2015.07.13,지리산,진주기상대(192),35.3191,127.7563,864.74,,,,
872,2002.12.16,2010.11.28,지리산,진주기상대(192),35.3333,127.7167,853,,,,
873,2016.08.01,~,원주백운산,강릉(구 105),37.2557,127.9702,898.26,,,,
873,2015.07.13,2016.08.01,백운산,강릉(구 105),37.2557,127.9702,898.26,,,,
873,2010.11.11,2015.07.13,백운산,원주기상대(114),37.2557,127.9702,898.26,,,,
873,2002.12.16,2010.11.10,백운산,원주기상대(114),37.250,127.9667,901,,,,
874,2015.07.13,~,동송,춘천기상대(101),38.221,127.2053,206.65,,,,
874,2008.11.06,2015.07.13,동송,철원기상대(95),38.221,127.2053,206.65,,,,
874,2005.01.28,2008.11.06,삼천봉,철원기상대(95),38.2833,127.5833,788,,,,
874,2002.12.16,2005.01.28,삼천봉,철원기상대(95),38.2833,127.5833,785,,,,
875,2015.07.13,~,설악산,강릉(구 105),38.1211,128.4606,1595.71,,,,
875,2011.03.02,2015.07.13,설악산,속초기상대(90),38.1211,128.4606,1595.71,,,,
875,2002.12.16,2011.03.02,설악산,속초기상대(90),38.1333,128.4667,1597,,,,
876,2015.07.13,~,삼척,강릉(구 105),37.4534,129.1682,67.63,,,,
876,2010.12.14,2015.07.13,삼척,동해기상대(106),37.4534,129.1682,67.63,,,,
876,2003.06.16,2010.12.14,삼척,동해기상대(106),37.4354,129.1631,14,,,,
877,2015.07.13,~,문막,강릉(구 105),37.3134,127.8048,85,,,,
877,2010.12.23,2015.07.13,문막,원주기상대(114),37.3134,127.8048,85,,,,
877,2003.11.11,2010.12.23,문막,원주기상대(114),37.3083,127.7917,77,,,,
878,2015.07.13,~,도계,강릉(구 105),37.2238,129.0961,814.21,,,,
878,2010.07.08,2015.07.13,도계,동해기상대(106),37.2238,129.0961,814.21,,,,
879,2015.07.13,~,스키점프,강릉(구 105),37.6605,128.6797,851,,,,
879,2012.01.20,2015.07.13,스키점프,대관령기상대(100),37.661,128.6794,852.2,,,,
880,2015.12.01,~,금악,제주지방기상청(184),33.3328,126.3237,337.7,,,,
881,2015.07.13,~,새만금,전주기상대(146),35.7302,126.5295,9.56,,,,
881,2008.01.09,2015.07.13,새만금,군산기상대(140),35.7302,126.5295,9.56,,,,
882,2007.09.14,~,상무대,광주지방기상청(156),35.2518,126.6042,107.74,,,10.000,
883,2015.12.01,~,안덕,제주지방기상청(184),33.3155,126.347,375,,,,
884,2015.07.13,~,기상(과),제주지방기상청(184),33.2593,126.5176,177.6,,,,
884,2013.12.19,2015.07.13,기상(연),서귀포지역기상서비스센터(189),33.2593,126.5176,177.6,,,,
885,2015.07.13,~,태풍센터,제주지방기상청(184),33.3315,126.6784,244.4,,,,
885,2010.12.14,2015.07.13,태풍센터,서귀포지역기상서비스센터(189),33.3315,126.6784,246.3,,,,
885,2007.12.28,2010.12.14,태풍센터,서귀포지역기상서비스센터(189),33.3314,126.6783,236.77,,,10.000,
886,2015.07.13,~,군산산단,전주기상대(146),35.9504,126.5911,10,,,,
886,2011.12.09,2015.07.13,군산산단,군산기상대(140),35.9504,126.5911,10,,,,
887,2014.06.20,~,세종연기,대전지방기상청(133),36.5031,127.2902,33.1,,,,
887,2012.09.01,2014.06.20,세종연기,대전지방기상청(133),36.5033,127.2912,28,,,,
887,2012.07.02,2012.09.01,세종시,대전지방기상청(133),36.5033,127.2912,28,,,,
888,2012.08.10,~,청남대,청주기상대(131),36.4629,127.4911,92,,,10.000,
889,2012.11.12,~,현충원,,37.5004,126.9765,17,,,,
890,2015.12.01,~,신례,제주지방기상청(184),33.3145,126.6358,302,,,,
891,2015.12.01,~,색달,제주지방기상청(184),33.2913,126.4223,425,,,,
900,2014.09.01,~,두서,울산기상대(152),35.6202,129.1433,123,,,,
900,1991.04.22,2014.08.31,상북,울산기상대(152),35.5824,129.0998,124.31,,,,
901,2011.11.22,~,울기,울산기상대(152),35.4865,129.4356,83,,,,
901,1991.04.22,2011.11.22,울기,울산기상대(152),35.4927,129.4424,38.13,,,,
902,2015.07.13,~,시천,창원기상대(155),35.2424,127.8187,186,,,,
902,2012.12.29,2015.07.13,시천,진주기상대(192),35.2424,127.8187,186,,,,
902,2008.04.08,2012.12.29,중산리,진주기상대(192),35.2843,127.7644,353.51,,,,
902,2001.08.31,2008.04.08,중산리,진주기상대(192),35.3188,127.7594,482,,,,
902,1990.06.25,2001.08.31,중산리,진주기상대(192),35.3188,127.7594,850,,,,
903,2010.04.02,~,도천,울산기상대(152),35.4039,128.5149,13.66,,,,
903,2007.09.11,2010.04.02,남지,창원기상대(155),35.3855,128.4742,21,,,,
903,1991.03.08,2007.09.11,남지,창원기상대(155),35.3855,128.4742,21,,,,
904,2015.09.07,~,사상,부산지방기상청(159),35.137,128.9675,4.28,,,,
904,2009.02.01,2009.11.05,동읍,창원기상대(155),35.350,128.6667,21,,,,
904,1998.05.09,2009.01.31,동읍,창원기상대(155),35.350,128.6667,21,,,,
904,1991.03.08,1998.05.09,의창,창원기상대(155),35.2794,128.6915,30,,,,
905,2013.12.04,~,양산상북,울산기상대(152),35.4414,129.0429,84.01,,,,
905,2011.03.11,2013.12.04,남부,부산지방기상청(159),35.335,129.0379,40.64,,,,
905,2005.05.24,2011.03.10,양산,부산지방기상청(159),35.3319,129.0386,40,,,,
905,1991.04.22,2005.05.24,양산,부산지방기상청(159),35.3243,129.0362,50,,,,
906,2015.07.13,~,화개,창원기상대(155),35.2322,127.6428,91,,,,
906,2011.12.14,2015.07.13,화개,진주기상대(192),35.2322,127.6428,91,,,,
906,1998.07.01,2011.12.14,화개,진주기상대(192),35.1883,127.6254,27.94,,,,
906,1990.06.15,1998.07.01,화개,진주기상대(192),35.1864,127.6299,10,,,,
907,2015.07.13,~,삼천포,창원기상대(155),34.929,128.0597,23.18,,,,
907,2009.11.20,2015.07.13,삼천포,진주기상대(192),34.929,128.0597,23.18,,,,
907,1998.07.01,2009.11.20,삼천포,통영기상대(162),34.930,128.070,34,,,,
907,1990.06.24,1998.07.01,삼천포,진주기상대(192),34.930,128.070,23,,,,
908,2013.10.15,~,진해,창원기상대(155),35.1122,128.7537,10,,,,
908,2010.07.22,2013.10.15,진해,창원기상대(155),35.120,128.750,15,,,,
908,1991.03.08,2010.07.21,진해,창원기상대(155),35.120,128.750,15,,,,
909,2015.07.13,~,서이말,부산지방기상청(159),34.7877,128.7382,111.46,,,,
909,2007.09.07,2015.07.13,서이말,통영기상대(162),34.7877,128.7382,111.46,,,,
909,1993.11.13,2007.09.07,서이말,통영기상대(162),34.780,128.730,111,,,,
910,2010.07.23,~,영도,부산지방기상청(159),35.0661,129.0742,137.94,,,,
910,1990.06.23,2010.07.22,영도,부산지방기상청(159),35.070,129.080,45,,,,
911,2015.07.13,~,매물도,부산지방기상청(159),34.6489,128.5772,69,,,,
911,2013.12.24,2015.07.13,매물도,통영기상대(162),34.648,128.5772,69,,,,
911,2005.01.11,2013.12.23,매물도,통영기상대(162),34.6477,128.5778,43.94,,,,
911,1990.06.27,1996.12.31,매물도,통영기상대(162),34.650,128.600,50,,,,
912,2015.07.13,~,백천,창원기상대(155),35.5263,127.7783,139.44,,,,
912,2011.03.11,2015.07.13,백천,거창기상대(284),35.5263,127.7783,139.44,,,,
912,2007.08.31,2011.03.10,함양,거창기상대(284),35.5253,127.7798,137.8,,,,
912,1997.11.21,2007.08.31,함양,진주기상대(192),35.5333,127.7167,186,,,,
912,1991.11.15,1997.11.21,함양,진주기상대(192),35.5253,127.7798,137.76,,,,
913,2015.07.13,~,상주면,부산지방기상청(159),34.7238,127.9854,22.05,,,,
913,1991.11.20,2015.07.13,상주면,통영기상대(162),34.7238,127.9854,22.05,,,,
914,2015.07.13,~,서하,창원기상대(155),35.6376,127.7322,352.12,,,,
914,2013.10.18,2015.07.13,서하,거창기상대(284),35.6376,127.7322,352.12,,,,
914,2007.08.30,2013.10.18,서하,거창기상대(284),35.6477,127.6955,340,,,,
914,1992.12.15,2007.08.30,서하,진주기상대(192),35.6447,127.696,365,,,,
915,2017.08.25,~,삼가,울산기상대(152),35.4142,128.1028,86.9,,,,
915,2016.09.27,2017.08.25,삼가,울산기상대(152),35.4142,128.1028,86.9,,,,
915,2015.07.13,2016.09.26,삼가,울산기상대(152),35.4137,128.102,83.82,,,,
915,2011.11.28,2015.07.13,삼가,거창기상대(284),35.4137,128.102,83.82,,,,
915,2007.08.28,2011.11.28,삼가,거창기상대(284),35.4144,128.1219,98.72,,,,
915,1992.12.15,2007.08.28,삼가,진주기상대(192),35.420,128.120,99,,,,
916,2015.07.13,~,단성,창원기상대(155),35.3111,127.9669,56.16,,,,
916,2010.07.23,2015.07.13,단성,진주기상대(192),35.3111,127.9669,56.16,,,,
916,2007.09.03,2010.07.23,단성,진주기상대(192),35.300,127.950,70,,,,
916,2004.11.26,2007.09.03,단성,진주기상대(192),35.300,127.950,70,,,,
916,1999.06.12,2004.11.25,신안,진주기상대(192),35.3167,127.9667,50,,,,
916,1992.12.15,1999.06.12,단성,진주기상대(192),35.330,127.930,100,,,,
917,2015.07.13,~,사천,창원기상대(155),35.037,128.0677,23.51,,,,
917,2007.08.02,2015.07.13,사천,진주기상대(192),35.037,128.0677,23.51,,,,
917,1998.07.01,2007.08.02,사천,통영기상대(162),35.070,128.080,23,,,,
917,1992.12.07,1998.07.01,사천,진주기상대(192),35.070,128.080,20,,,,
918,2015.07.13,~,고성,부산지방기상청(159),34.9905,128.3309,11,,,,
918,2010.12.07,2015.07.13,고성,통영기상대(162),34.9905,128.3309,11,,,,
918,1997.12.30,2010.12.07,고성,통영기상대(162),34.970,128.3333,28,,,,
918,1992.12.07,1997.12.30,고성,통영기상대(162),34.970,128.320,30,,,,
919,2007.09.10,~,창녕,울산기상대(152),35.5522,128.4759,24.3,,,,
919,1992.12.07,2007.09.10,창녕,창원기상대(155),35.550,128.470,24,,,,
920,2013.10.15,~,함안,창원기상대(155),35.2963,128.3992,10,,,,
920,2007.09.14,2013.10.16,함안,창원기상대(155),35.2934,128.3992,8.92,,,,
920,1992.12.07,2007.09.14,함안,창원기상대(155),35.300,128.400,8,,,,
921,2011.08.03,~,가덕도,부산지방기상청(159),34.9931,128.8314,73.26,,,,
921,1992.12.17,2011.08.03,가덕도,부산지방기상청(159),34.9897,128.8291,71.92,,,,
922,2013.12.19,~,단장,울산기상대(152),35.4864,128.9294,138.45,,,,
922,1992.12.28,2013.12.19,원동,부산지방기상청(159),35.3647,128.9189,19.56,,,,
923,2011.09.22,~,기장,부산지방기상청(159),35.275,129.2511,65,,,,
923,1992.11.10,2011.09.22,기장,부산지방기상청(159),35.264,129.2323,13.11,,,,
924,1992.12.28,~,간절곶,울산기상대(152),35.3587,129.3603,23.97,,,,
925,2013.12.07,~,생림,부산지방기상청(159),35.3744,128.823,12.43,,,,
925,2007.09.12,2013.12.06,생림,부산지방기상청(159),35.3282,128.8491,29.11,,,,
925,1992.12.12,2007.09.12,생림,부산지방기상청(159),35.3277,128.8534,28,,,,
926,2016.04.20,~,진북,창원기상대(155),35.1261,128.4747,14.8,,,,
926,2010.07.22,2016.04.20,진북,창원기상대(155),35.1149,128.4618,25.58,,,,
926,1994.02.01,2010.07.21,진북,창원기상대(155),35.1137,128.4719,22,,,,
927,2012.12.06,~,송백,울산기상대(152),35.5823,128.8838,127,,,,
927,1994.02.01,2012.12.06,송백,울산기상대(152),35.5842,128.8809,125.53,,,,
928,2007.09.13,2015.09.07,웅상,부산지방기상청(159),35.4162,129.1731,99.97,,,,
928,1993.11.13,2007.09.13,웅상,부산지방기상청(159),35.4122,129.1792,99,,,,
929,2017.08.25,~,개천,부산지방기상청(159),35.1136,128.3069,74.1,,,,
929,2015.12.26,2017.08.25,개천,부산지방기상청(159),35.1136,128.3069,130.1,,,,
929,2015.07.13,2015.12.26,개천,부산지방기상청(159),35.0989,128.2586,74.14,,,,
929,1993.11.13,2015.07.13,개천,통영기상대(162),35.0989,128.2586,74.14,,,,
930,2015.07.13,~,사량도,부산지방기상청(159),34.8101,128.2375,6,,,,
930,2012.12.11,2015.07.13,사량도,통영기상대(162),34.8101,128.2375,6,,,,
930,1993.11.13,2012.12.11,사량도,통영기상대(162),34.8436,128.2251,15.17,,,,
931,2015.07.13,~,욕지도,부산지방기상청(159),34.6192,128.2759,80,,,,
931,2011.11.02,2015.07.13,욕지도,통영기상대(162),34.6192,128.2759,80,,,,
931,1993.11.13,2011.11.02,욕지도,통영기상대(162),34.6363,128.2634,13.58,,,,
932,2015.12.24,~,하동,창원기상대(155),35.0603,127.7664,8,,,,
932,2015.07.13,2015.12.24,하동,창원기상대(155),35.0721,127.7455,21.57,,,,
932,2007.09.06,2015.07.13,하동,진주기상대(192),35.0721,127.7455,21.57,,,,
932,1998.07.01,2007.09.06,하동,진주기상대(192),35.050,127.750,21,,,,
932,1993.11.13,1998.07.01,하동,통영기상대(162),35.050,127.750,60,,,,
933,2015.07.13,~,금남,창원기상대(155),34.9966,127.8324,43,,,,
933,2011.12.13,2015.07.13,금남,진주기상대(192),34.9966,127.8324,43,,,,
933,1998.07.01,2011.12.13,금남,진주기상대(192),34.9506,127.859,11.33,,,,
933,1993.11.13,1998.07.01,금남,통영기상대(162),34.950,127.870,10,,,,
934,2015.07.13,~,수곡,창원기상대(155),35.2217,127.9284,132,,,,
934,2012.12.19,2015.07.13,수곡,진주기상대(192),35.2217,127.9284,132,,,,
934,1993.10.13,2012.12.19,수곡,진주기상대(192),35.1986,127.9322,72.48,,,,
935,2015.07.13,~,청덕,울산기상대(152),35.5698,128.3411,22.15,,,,
935,2008.09.10,2015.07.13,청덕,거창기상대(284),35.5698,128.3411,22.15,,,,
935,1993.11.14,2008.09.10,청덕,진주기상대(192),35.550,128.320,30,,,,
936,2011.03.11,~,신포,창원기상대(155),35.3326,128.2023,61.9,,,,
936,2010.06.04,2011.03.10,의령,창원기상대(155),35.3311,128.2036,51,,,,
936,2000.10.06,2010.06.03,의령,창원기상대(155),35.3167,128.2833,47,,,,
936,1993.11.13,2000.10.06,화정,진주기상대(192),35.2769,128.2116,148,,,,
937,2010.06.29,~,해운대,부산지방기상청(159),35.1761,129.1624,62.98,,,,
937,2007.11.29,2010.06.28,해운대,부산지방기상청(159),35.1749,129.1663,69.82,,,7.000,
937,1994.12.16,2007.11.28,해운대,부산지방기상청(159),35.1604,129.1669,25,,,,
938,2012.12.07,~,부산진,부산지방기상청(159),35.1589,129.0192,114,,,,
938,2009.05.08,2012.12.07,부산진,부산지방기상청(159),35.154,129.0507,17.55,,,,
938,2004.02.26,2009.05.08,부산진,부산지방기상청(159),35.1472,129.0514,83,,,,
938,1998.10.23,2004.02.26,부산진,부산지방기상청(159),35.1333,129.050,35,,,,
938,1994.12.16,1998.10.23,부산진,부산지방기상청(159),35.161,129.0613,35,,,,
939,2014.04.03,~,금정구,부산지방기상청(159),35.2932,129.1035,53.11,,,,
939,2007.11.30,2014.04.03,금정구,부산지방기상청(159),35.2323,129.0846,71.08,,,7.000,
939,2007.11.30,2011.04.03,금정구,부산지방기상청(159),35.2354,129.0824,71.08,,,7.000,
939,1994.12.17,2007.11.29,금정구,부산지방기상청(159),35.2289,129.0831,68,,,,
940,2014.11.14,~,동래,부산지방기상청(159),35.2092,129.0901,71.5,,,,
940,2011.03.24,2014.11.14,동래,부산지방기상청(159),35.2084,129.083,18.89,,,,
940,2005.04.28,2011.03.24,동래구,부산지방기상청(159),35.2053,129.0856,18,,,,
940,2002.02.01,2005.04.28,동래구,부산지방기상청(159),35.2028,129.085,14.5,,,,
940,1994.12.17,2002.02.01,동래구,부산지방기상청(159),35.1911,129.0787,25,,,,
941,2015.10.01,~,북구,부산지방기상청(159),35.213,129.0026,5.52,,,,
941,2008.06.13,2015.10.01,북구,부산지방기상청(159),35.204,128.9981,34.54,,,7.000,
941,1994.12.17,2008.06.13,북구,부산지방기상청(159),35.1926,129.0065,141,,,,
942,2009.05.15,~,대연,부산지방기상청(159),35.135,129.1045,14.86,,,,
942,1994.12.16,2009.05.15,대연,부산지방기상청(159),35.1304,129.1051,4,,,,
943,2017.08.25,~,매곡,울산기상대(152),35.6674,129.3753,469,,,,
943,2015.07.29,2017.08.25,매곡,울산기상대(152),35.6672,129.3753,473,,,,
943,1994.12.18,2015.07.29,공단,울산기상대(152),35.5076,129.3519,12.4,,,,
944,2012.10.05,~,길곡,울산기상대(152),35.3853,128.5706,23,,,,
944,1994.12.20,2012.10.05,길곡,창원기상대(155),35.387,128.569,23.48,,,,
945,2015.07.13,~,대병,울산기상대(152),35.5345,127.990,226.87,,,,
945,2013.10.17,2015.07.13,대병,거창기상대(284),35.5345,127.990,226.87,,,,
945,1994.12.26,2013.10.17,대병,거창기상대(284),35.5345,127.990,224,,,,
946,2015.07.13,~,북상,울산기상대(152),35.7798,127.8183,324.91,,,,
946,2011.11.25,2015.07.13,북상,거창기상대(284),35.7798,127.8183,324.91,,,,
946,1994.12.26,2011.11.25,북상,거창기상대(284),35.7773,127.8193,327.44,,,,
947,2015.07.13,~,명사,부산지방기상청(159),34.722,128.5908,31,,,,
947,2011.12.21,2015.07.13,명사,통영기상대(162),34.722,128.5908,31,,,,
947,1998.04.24,2011.12.21,명사,통영기상대(162),34.7257,128.6036,11.18,,,,
947,1994.12.21,1998.04.24,석곡,통영기상대(162),34.730,128.680,25,,,,
948,2015.12.09,~,삼장,창원기상대(155),35.3106,127.8358,139.4,,,,
948,2015.07.13,2015.12.09,삼장,창원기상대(155),35.2984,127.8319,134.47,,,,
948,2007.09.04,2015.07.13,삼장,진주기상대(192),35.2984,127.8319,134.47,,,,
948,1999.06.07,2007.09.04,삼장,진주기상대(192),35.2833,127.850,137,,,,
949,2012.12.20,~,정자,울산기상대(152),35.6375,129.441,8,,,,
949,2007.10.01,2012.12.20,정자,울산기상대(152),35.6144,129.4496,11.04,,,,
949,1999.06.03,2007.10.01,정자,울산기상대(152),35.5833,129.450,10,,,,
950,2011.12.08,~,사하,부산지방기상청(159),35.0901,128.9838,127,,,,
950,2001.09.15,2011.12.08,수영만,부산지방기상청(159),35.1612,129.1381,11.14,,,,
951,2015.07.13,~,내장산,전주기상대(146),35.5087,126.9073,107.77,,,,
951,2010.08.14,2015.07.13,내장산,정읍기상대(245),35.5087,126.9073,107.77,,,,
951,1999.06.02,2010.08.14,내장산,정읍기상대(245),35.4667,126.900,199,,,,
953,2015.07.13,~,장목,부산지방기상청(159),34.9985,128.6796,33,,,,
953,2011.12.15,2015.07.13,장목,통영기상대(162),34.9985,128.6796,33,,,,
953,2003.06.07,2011.12.15,장목,통영기상대(162),34.9924,128.6741,26.01,,,,
954,2010.11.24,~,온산,울산기상대(152),35.431,129.3601,59.44,,,,
954,2008.06.27,2010.11.24,두서,울산기상대(152),35.6178,129.1448,123.38,,,7.000,
966,2012.11.15,~,풍도,인천기상대(112),37.1161,126.3856,38,,,,
967,2012.11.15,~,도리도,인천기상대(112),37.1189,126.6128,70,,,,
968,2013.06.01,~,남항,부산지방기상청(159),35.081,129.045,78.58,,,,
968,2010.11.22,2013.05.31,남항,부산지방기상청(159),35.081,129.045,78.58,,,,
969,2013.06.01,~,북항,부산지방기상청(159),35.091,129.127,37.72,,,,
969,2010.11.22,2013.05.31,북항,부산지방기상청(159),35.091,129.127,37.72,,,,
